Book Id,Title,Author,Author l-f,Additional Authors,ISBN,ISBN13,My Rating,Average Rating,Publisher,Binding,Number of Pages,Year Published,Original Publication Year,Date Read,Date Added,Bookshelves,Bookshelves with positions,Exclusive Shelf,My Review,Spoiler,Private Notes,Read Count,Recommended For,Recommended By,Owned Copies,Original Purchase Date,Original Purchase Location,Condition,Condition Description,BCID
22066090,"Time's Edge (The Chronos Files, #2)",Rysa Walker,"Walker, Rysa",,,,0,4.06,Skyscape,Kindle Edition,452,2014,2014,,2014/09/30,sci-fi,"to-read (#119), sci-fi (#74)",to-read,,,,,,,0,,,,,
17345242,The World of Ice & Fire: The Untold History of Westeros and the Game of Thrones,George R.R. Martin,"Martin, George R.R.","Elio M. García Jr., Linda Antonsson",553805444,9780553805444,0,4.18,Bantam,Hardcover,326,2014,2014,,2014/09/30,sci-fi,"to-read (#117), sci-fi (#73)",to-read,,,,,,,0,,,,,
61535,The Selfish Gene,Richard Dawkins,"Dawkins, Richard",,199291152,9780199291151,0,4.1,"Oxford University Press, USA",Paperback,360,2006,1976,,2012/04/20,math,"to-read (#40), math (#5)",to-read,,,,,,,0,,,,,
17995421,The n-Body Problem,Tony Burgess,"Burgess, Tony",,1771481633,9781771481632,0,3.06,ChiZine Publications,Paperback,200,2013,2013,,2014/01/17,math,to-read (#61),to-read,,,,,,,0,,,,,
18404243,Good Manners for Nice People Who Sometimes Say F*ck,Amy Alkon,"Alkon, Amy",,1250030714,9781250030719,0,3.16,St. Martin's Griffin,Paperback,304,2014,2014,,2014/05/30,fun,to-read (#78),to-read,,,,,,,0,,,,,
9226657,"Space Junque (Apocalypto, #1)",L.K. Rigel,"Rigel, L.K.",,,,0,3.16,Beastie Press,Kindle Edition,111,2010,2010,,2016/01/28,sci-fi,to-read (#188),to-read,,,,,,,0,,,,,
6484173,The Age of Ra,James Lovegrove,"Lovegrove, James",,184416747X,9781844167470,0,3.27,Solaris,Paperback,441,2009,2009,,2012/04/28,sci-fi,to-read (#29),to-read,,,,,,,0,,,,,
22813868,The Last Passenger,Manel Loureiro,"Loureiro, Manel",Andres Alfaro,,,0,3.28,AmazonCrossing,Kindle Edition,448,2015,2013,,2016/01/28,sci-fi,to-read (#178),to-read,,,,,,,0,,,,,
18757308,"Artificial Evil (The Techxorcist, #1)",Colin F. Barnes,"Barnes, Colin F.",,,,0,3.33,Anachron Press,Kindle Edition,272,2013,2012,,2016/01/28,sci-fi,to-read (#182),to-read,,,,,,,0,,,,,
24228189,The Gemini Effect,Chuck Grossart,"Grossart, Chuck",,,,0,3.34,47North,Kindle Edition,365,2015,2012,,2016/01/28,sci-fi,to-read (#171),to-read,,,,,,,0,,,,,
23348118,Chronicles Of Kilix,T.K. Chapin,"Chapin, T.K.",,1502720892,9781502720894,0,3.35,,Paperback,116,2014,2014,,2014/11/06,sci-fi,to-read (#125),to-read,,,,,,,0,,,,,
21981663,Zombies & Calculus,Colin Conrad Adams,"Adams, Colin Conrad",,691161909,9780691161907,0,3.36,Princeton University Press,Hardcover,228,2014,2014,,2014/08/23,fun,to-read (#98),to-read,,,,,,,0,,,,,
22913549,The Fire Seekers,Richard Farr,"Farr, Richard",,,,0,3.41,Skyscape,Kindle Edition,338,2014,2014,,2016/01/28,sci-fi,to-read (#179),to-read,,,,,,,0,,,,,
22800238,The Rise and Fall of Homo Economicus: The Myth of the Rational Human and the Chaotic Reality,Yannis Papadogiannis,"Papadogiannis, Yannis",,1499646674,9781499646672,0,3.42,CreateSpace Independent Publishing Platform,Paperback,296,2014,2012,,2014/12/30,math,to-read (#137),to-read,,,,,,,0,,,,,
20801785,Artful,Peter David,"David, Peter",,,,0,3.45,47North,Kindle Edition,290,2014,2014,,2014/06/19,sci-fi,to-read (#84),to-read,,,,,,,0,,,,,
22313665,Finding Zero: A Mathematician's Odyssey to Uncover the Origins of Numbers,Amir D. Aczel,"Aczel, Amir D.",,1137279842,9781137279842,0,3.45,St. Martin's Press,Hardcover,256,2015,2015,,2014/12/30,math,to-read (#141),to-read,,,,,,,0,,,,,
16278318,Armada,Ernest Cline,"Cline, Ernest",,804137250,9780804137256,0,3.46,Crown Publishing ,Hardcover,349,2015,2015,,2015/07/08,sci-fi,to-read (#154),to-read,,,,,,,0,,,,,
8698253,"Forbidden the Stars (The Interstellar Age, #1)",Valmore Daniels,"Daniels, Valmore",,,,0,3.46,,Kindle Edition,277,,2010,,2016/01/28,sci-fi,to-read (#183),to-read,,,,,,,0,,,,,
17834909,"Shovel Ready (Spademan, #1)",Adam Sternbergh,"Sternbergh, Adam",,385348991,9780385348997,0,3.47,Crown,Hardcover,256,2014,2014,,2014/02/16,sci-fi,to-read (#68),to-read,,,,,,,0,,,,,
15843133,Math on Trial: How Numbers Get Used and Abused in the Courtroom,Leila Schneps,"Schneps, Leila",Coralie Colmez,465032923,9780465032921,0,3.49,Basic Books,Hardcover,272,2013,2013,,2013/08/26,math,to-read (#52),to-read,,,,,,,0,,,,,
18623113,SG - Suicide Game,Haidji,"Haidji, Haidji",,1492869201,9781492869207,0,3.51,Createspace,Paperback,358,2013,2013,,2014/04/09,sci-fi,to-read (#73),to-read,,,,,,,0,,,,,
24429934,The Einstein Prophecy,Robert Masello,"Masello, Robert",,,,0,3.52,47North,Kindle Edition,338,2015,2015,,2016/01/28,sci-fi,to-read (#164),to-read,,,,,,,0,,,,,
17672081,"The Biomass Revolution (The Tisaian Chronicles, #1)",Nicholas Sansbury Smith,"Smith, Nicholas Sansbury",,,,0,3.52,Nicholas Smith,Kindle Edition,281,2013,2013,,2014/08/24,sci-fi,to-read (#102),to-read,,,,,,,0,,,,,
20046882,Star Guild: Book One - Episode One (Star Guild Saga),Brandon Ellis,"Ellis, Brandon",,1494412977,9781494412975,0,3.52,Smashwords Edition,Paperback,54,2013,2013,,2014/01/17,sci-fi,to-read (#63),to-read,,,,,,,0,,,,,
18490706,"Artemis Awakening (Artemis Awakening, #1)",Jane Lindskold,"Lindskold, Jane",,076533710X,9780765337108,0,3.54,Tor Books,Hardcover,304,2014,2014,,2014/06/19,sci-fi,to-read (#83),to-read,,,,,,,0,,,,,
25700557,"Better World (Legacy Code, #0.5)",Autumn Kalquist,"Kalquist, Autumn",,069246851X,9780692468517,0,3.54,Diapason Publishing,Paperback,154,2015,2015,,2015/09/13,sci-fi,to-read (#156),to-read,,,,,,,0,,,,,
238558,A New Kind of Science,Stephen Wolfram,"Wolfram, Stephen",,1579550088,9781579550080,0,3.55,Wolfram Media,Hardcover,1197,2002,1997,,2016/01/29,math,to-read (#211),to-read,,,,,,,0,,,,,
25207141,(R)evolution (Phoenix Horizon #1),P.J. Manney,"Manney, P.J.",,,,0,3.56,47North,Kindle Edition,544,2015,,,2016/01/28,sci-fi,to-read (#170),to-read,,,,,,,0,,,,,
14990,Spook: Science Tackles the Afterlife,Mary Roach,"Roach, Mary",,393329127,9780393329124,0,3.56,W.W. Norton & Company (NYC),Paperback,311,2006,2005,,2012/04/20,math,to-read (#26),to-read,,,,,,,0,,,,,
16084652,Everflame,Dylan Lee Peters,"Peters, Dylan Lee",,,,0,3.56,Amazon Digital Services,Kindle Edition,260,2012,2012,,2016/01/28,sci-fi,to-read (#173),to-read,,,,,,,0,,,,,
21813339,Time Travel: Recent Trips,Paula Guran,"Guran, Paula","Kage Baker, Elizabeth Bear, Mary Robinette Kowal, Ken Liu, Sarah Monette, Kristine Kathryn Rusch, Howard Waldrop, James P. Blaylock",1607014343,9781607014348,0,3.57,Prime Books,Paperback,381,2014,2014,,2014/11/06,gen,to-read (#126),to-read,,,,,,,0,,,,,
21805378,Moving Day: A Thriller,Jonathan Stone,"Stone, Jonathan",,,,0,3.57,Thomas & Mercer,Kindle Edition,284,2014,2014,,2014/06/19,gen,to-read (#85),to-read,,,,,,,0,,,,,
17829053,The Man Who Watched The World End,Chris Dietzel,"Dietzel, Chris",,,,0,3.57,Chris Dietzel,Kindle Edition,259,2013,2013,,2016/01/28,sci-fi,to-read (#162),to-read,,,,,,,0,,,,,
13389603,Some of the Best from Tor.com: 2011 Edition,Patrick Nielsen Hayden,"Hayden, Patrick Nielsen","Liz Gorinsky, Harry Turtledove, Charlie Jane Anders, Michael Swanwick, James Alan Gardner, Matthew Sanborn Smith, Yoon Ha Lee, Paul Park, Nnedi Okorafor",,,0,3.57,Tor Books,Kindle Edition,206,2012,2012,,2016/01/29,sci-fi,to-read (#224),to-read,,,,,,,0,,,,,
18528347,"Resurrection, Inc.",Kevin J. Anderson,"Anderson, Kevin J.",,177041214X,9781770412149,0,3.58,ECW Press,Paperback,368,2014,1988,,2014/03/04,sci-fi,to-read (#71),to-read,,,,,,,0,,,,,
12992350,"The Fringe Worlds (Human Chronicles, #1)",T.R. Harris,"Harris, T.R.",,,,0,3.59,Harris Publications,Kindle Edition,171,2011,2011,,2014/08/24,sci-fi,to-read (#105),to-read,,,,,,,0,,,,,
21531886,Irregularity,Jared Shurin,"Shurin, Jared","Tiffani Angus, Adam Roberts, Henrietta Rose-Innes, James Smythe, M. Suddain, E.J. Swift, Howard Hardiman, Gary Northfield, Richard Dunn, Sophie Waring, Rose Biggin, Kim Curran, Richard de Nooy, Archie Black, Simon Guerrier, Nick Harkaway, Roger Luckhurst, Claire North",992817218,9780992817213,0,3.6,Jurassic London,Paperback,302,2014,2014,,2014/09/28,sci-fi,to-read (#114),to-read,,,,,,,0,,,,,
22521286,"The Paper Magician (The Paper Magician Trilogy, #1)",Charlie N. Holmberg,"Holmberg, Charlie N.",,,,0,3.6,47North,Kindle Edition,226,2014,2014,,2016/01/28,gen,to-read (#185),to-read,,,,,,,0,,,,,
18376701,"Fractal Standard Time (Chronopticus Chronicles, #1)",Michael Galloway,"Galloway, Michael",,984740252,9780984740253,0,3.6,Candlepower Publishing House,Paperback,92,2013,2013,,2014/12/30,sci-fi,to-read (#139),to-read,,,,,,,0,,,,,
23198675,"Meritropolis (Meritropolis, #1)",Joel Ohman,"Ohman, Joel",,150018960X,9781500189600,0,3.61,CreateSpace Independent Publishing Platform,Paperback,226,2014,2014,,2014/12/15,sci-fi,to-read (#133),to-read,,,,,,,0,,,,,
250924,"Make Lemonade (Make Lemonade, #1)",Virginia Euwer Wolff,"Wolff, Virginia Euwer",,805080708,9780805080704,0,3.62,Henry Holt and Company,Paperback,200,2006,1993,,2016/01/29,gen,to-read (#227),to-read,,,,,,,0,,,,,
22749719,Ghost Fleet: A Novel of the Next World War,P.W. Singer,"Singer, P.W.",August Cole,544142845,9780544142848,0,3.63,Eamon Dolan/Houghton Mifflin Harcourt,Hardcover,416,2015,2015,,2015/10/30,sci-fi,to-read (#160),to-read,,,,,,,0,,,,,
683072,"The Battle at the Moons of Hell (Helfort's War, #1)",Graham Sharp Paul,"Paul, Graham Sharp",,345495713,9780345495716,0,3.63,Del Rey,Mass Market Paperback,384,2007,2007,,2016/01/29,sci-fi,to-read (#191),to-read,,,,,,,0,,,,,
18364241,"Wanderer's Escape (Wanderer's Odyssey, #1)",Simon Goodson,"Goodson, Simon",,1491099798,9781491099797,0,3.63,Dark Soul Publishing Ltd,Paperback,266,2013,2013,,2014/03/04,sci-fi,to-read (#69),to-read,,,,,,,0,,,,,
13485992,"Breakers (Breakers, #1)",Edward W. Robertson,"Robertson, Edward W.",,,,0,3.64,,Kindle Edition,299,2012,2012,,2016/01/28,sci-fi,to-read (#168),to-read,,,,,,,0,,,,,
23328060,Hasten the Day: The First Year of the Balkanization of America,Billy Roper,"Roper, Billy",Doug Hanks,1502391058,9781502391056,0,3.64,Createspace,Paperback,178,2014,2014,,2014/11/06,sci-fi,to-read (#129),to-read,,,,,,,0,,,,,
154341,Wikinomics: How Mass Collaboration Changes Everything,Don Tapscott,"Tapscott, Don",Anthony D. Williams,1591841380,9781591841388,0,3.65,Penguin Group,Hardcover,324,2006,2006,,2016/01/29,math,to-read (#240),to-read,,,,,,,0,,,,,
15831624,Plague,Victor Methos,"Methos, Victor",,,,0,3.66,Victor Methos,Kindle Edition,333,2012,2012,,2014/08/24,sci-fi,to-read (#107),to-read,,,,,,,0,,,,,
15738789,Collapse (New America - Book 1),Richard Stephenson,"Stephenson, Richard",,,,3,3.67,Stepehenson & Powers Publishing House,Kindle Edition,456,2012,2012,,2014/08/24,sci-fi,to-read (#103),to-read,,,,,,,0,,,,,
1081413,Super Crunchers: Why Thinking-by-Numbers Is the New Way to Be Smart,Ian Ayres,"Ayres, Ian",,553805401,9780553805406,0,3.68,Bantam,Hardcover,272,2007,2007,,2016/01/29,math,to-read (#215),to-read,,,,,,,0,,,,,
23574696,The Devil Will Come,Glenn Cooper,"Cooper, Glenn",,,,0,3.69,Lascaux Media,Kindle Edition,321,2014,2011,,2016/01/28,gen,to-read (#165),to-read,,,,,,,0,,,,,
6314763,Orange Is the New Black,Piper Kerman,"Kerman, Piper",,385523386,9780385523387,0,3.69,Spiegel & Grau,Hardcover,298,2010,2010,,2015/10/28,gen,to-read (#159),to-read,,,,,,,0,,,,,
16682,Rocket Ship Galileo,Robert A. Heinlein,"Heinlein, Robert A.",,044101237X,9780441012374,0,3.69,Ace,Paperback,211,2004,1947,,2016/01/29,sci-fi,to-read (#223),to-read,,,,,,,0,,,,,
16127235,"The Darwin Elevator (Dire Earth Cycle, #1)",Jason M. Hough,"Hough, Jason M.",,345537122,9780345537126,0,3.7,Del Rey,Mass Market Paperback,472,2013,2013,,2013/07/31,sci-fi,to-read (#47),to-read,,,,,,,0,,,,,
16041555,"A Question of Will (The Aliomenti Saga, #1)",Alex Albrinck,"Albrinck, Alex",,,,0,3.7,,Kindle Edition,288,2012,2012,,2014/08/24,sci-fi,to-read (#108),to-read,,,,,,,0,,,,,
154291,The Essence of Chaos,Edward N. Lorenz,"Lorenz, Edward N.",,295975148,9780295975146,0,3.7,University of Washington Press,Paperback,240,1995,1993,,2016/01/29,math,to-read (#210),to-read,,,,,,,0,,,,,
20454074,The Marshmallow Test: Mastering Self-Control,Walter Mischel,"Mischel, Walter",,316230871,9780316230872,0,3.71,"Little, Brown and Company",Hardcover,336,2014,2014,,2014/08/23,philosophy,to-read (#96),to-read,,,,,,,0,,,,,
16153182,Cypherpunks: Freedom and the Future of the Internet,Julian Assange,"Assange, Julian","Jacob Appelbaum, Andy Müller-Maguhn, Jérémie Zimmermann",1939293006,9781939293008,0,3.71,OR Books,Paperback,192,2012,2012,,2014/06/19,math,to-read (#91),to-read,,,,,,,0,,,,,
12648435,Age of Aztec,James Lovegrove,"Lovegrove, James",,1907992812,9781907992810,0,3.72,Solaris,Mass Market Paperback,507,2012,2012,,2012/04/28,sci-fi,to-read (#31),to-read,,,,,,,0,,,,,
12972961,"Open Minds (Mindjack Trilogy, #1)",Susan Kaye Quinn,"Quinn, Susan Kaye",,,,0,3.72,Kindle Direct Publishing,Kindle Edition,338,2011,2011,,2014/08/24,sci-fi,to-read (#106),to-read,,,,,,,0,,,,,
12727768,"Open Minds (Mindjack Trilogy, #1)",Susan Kaye Quinn,"Quinn, Susan Kaye",,1466354267,9781466354265,0,3.72,CreateSpace,Paperback,326,2011,2011,,2015/05/05,sci-fi,to-read (#145),to-read,,,,,,,0,,,,,
24804346,Rumors of Glory (The System States Rebellion Book 1),Dietmar Wehr,"Wehr, Dietmar",Justin  Adams,,,0,3.72,Dietmar Arthur Wehr,Kindle Edition,193,2015,2015,,2016/01/28,sci-fi,to-read (#163),to-read,,,,,,,0,,,,,
8840819,Why Beliefs Matter: Reflections on the Nature of Science,E. Brian Davies,"Davies, E. Brian",,199586209,9780199586202,0,3.73,"Oxford University Press, USA",Hardcover,250,2010,2010,,2016/01/29,math,to-read (#232),to-read,,,,,,,0,,,,,
7234921,"Earth Strike (Star Carrier, #1)",Ian Douglas,"Douglas, Ian",,61840254,9780061840258,0,3.74,Harper Voyager,Paperback,368,2010,2010,,2016/01/29,sci-fi,to-read (#235),to-read,,,,,,,0,,,,,
21816682,"Living Well, Spending Less: 12 Secrets of the Good Life",Ruth Soukup,"Soukup, Ruth",,310337674,9780310337676,0,3.74,Zondervan,Paperback,237,2014,2014,,2016/01/28,gen,to-read (#176),to-read,,,,,,,0,,,,,
313998,Johnny Mnemonic,William Gibson,"Gibson, William",Terry Bisson,000224618X,9780002246187,0,3.74,HarperCollins,Hardcover,160,1996,1981,,2016/01/29,sci-fi,to-read (#229),to-read,,,,,,,0,,,,,
17408077,"After The Ending (The Ending, #1)",Lindsey Fairleigh,"Fairleigh, Lindsey",Lindsey Pogue,,,0,3.75,L2 Books,Kindle Edition,478,2013,2013,,2016/01/28,sci-fi,to-read (#174),to-read,,,,,,,0,,,,,
23197269,Aurora,Kim Stanley Robinson,"Robinson, Kim Stanley",,316098108,9780316098106,0,3.75,Orbit,Hardcover,466,2015,2015,,2015/07/17,sci-fi,to-read (#155),to-read,,,,,,,0,,,,,
9680114,"Pure (Pure, #1)",Julianna Baggott,"Baggott, Julianna",,1455503061,9781455503063,0,3.75,Grand Central Publishing,Hardcover,431,2012,2012,,2014/04/12,sci-fi,to-read (#76),to-read,,,,,,,0,,,,,
16755685,"Exodus (Exodus Trilogy, #1)",Andreas Christensen,"Christensen, Andreas",,,,0,3.75,,Kindle Edition,288,2012,2011,,2016/01/28,sci-fi,to-read (#166),to-read,,,,,,,0,,,,,
113830,Just and Unjust Wars: A Moral Argument With Historical Illustrations,Michael Walzer,"Walzer, Michael",,465037070,9780465037070,0,3.76,Basic Books,Paperback,400,2006,1976,,2016/01/29,philosophy,to-read (#241),to-read,,,,,,,0,,,,,
7775741,The Age of Odin,James Lovegrove,"Lovegrove, James",,1907519416,9781907519413,0,3.77,Solaris,Paperback,585,2010,2010,,2012/04/28,sci-fi,to-read (#30),to-read,,,,,,,0,,,,,
57375,"Foreign Legions (Earth Legions, #2)",David Drake,"Drake, David","David Weber, Mark L. Van Name, S.M. Stirling, Eric Flint",743435605,9780743435604,0,3.77,Baen,Paperback,384,2002,2001,,2012/03/18,sci-fi,to-read (#18),to-read,,,,,,,0,,,,,
3535568,"This Is Not a Game (Dagmar, #1)",Walter Jon Williams,"Williams, Walter Jon",,316003158,9780316003155,0,3.77,Orbit,Hardcover,369,2009,2009,,2016/01/29,sci-fi,to-read (#193),to-read,,,,,,,0,,,,,
2801440,Max and the Gatekeeper,James Todd Cochrane,"Cochrane, James Todd",Susan K. Szepanski,979720214,9780979720215,0,3.77,Dark Moon Publishing Inc.,Paperback,220,2007,2007,,2014/06/17,sci-fi,to-read (#82),to-read,,,,,,,0,,,,,
11754793,"Sisterhood of Dune (Schools of Dune, #1)",Brian Herbert,"Herbert, Brian",Kevin J. Anderson,765322730,9780765322739,0,3.78,Tor Books,Hardcover,496,2012,2011,,2014/01/17,sci-fi,to-read (#65),to-read,,,,,,,0,,,,,
22538964,The Empty Quarter,David L. Robbins,"Robbins, David L.",,,,0,3.78,Thomas & Mercer,Kindle Edition,384,2014,2014,,2014/08/24,gen,to-read (#104),to-read,,,,,,,0,,,,,
337133,Factoring Humanity,Robert J. Sawyer,"Sawyer, Robert J.",,812571290,9780812571295,0,3.78,Tor Science Fiction,Paperback,352,1999,1998,,2016/01/29,math,to-read (#231),to-read,,,,,,,0,,,,,
929638,"The First Casualty (Jump Universe, #1)",Mike Moscoe,"Moscoe, Mike",Mike Shepherd,441005934,9780441005932,0,3.78,Ace (MM),Paperback,325,1999,1999,,2014/06/09,sci-fi,to-read (#80),to-read,,,,,,,0,,,,,
18715656,The Einstein Theory of Relativity,Hendrik Antoon Lorentz,"Lorentz, Hendrik Antoon",,,,0,3.78,,Kindle Edition,59,2012,2010,,2014/06/19,math,to-read (#88),to-read,,,,,,,0,,,,,
6131709,"Principles of Food, Beverage, and Labor Cost Controls",Paul R. Dittmer,"Dittmer, Paul R.",J. Desmond Keefe III,471783471,9780471783473,0,3.79,Wiley,Hardcover,648,2008,1976,,2016/01/28,math,to-read (#189),to-read,,,,,,,0,,,,,
7495395,The Quants: How a New Breed of Math Whizzes Conquered Wall Street and Nearly Destroyed It,Scott Patterson,"Patterson, Scott",,307453375,9780307453372,0,3.79,Crown Business,Hardcover,352,2010,2010,,2016/01/29,math,to-read (#213),to-read,,,,,,,0,,,,,
1673452,"Stark's War (Stark's War, #1)",John G. Hemry,"Hemry, John G.",Jack Campbell,441007155,9780441007158,0,3.79,Ace,Paperback,272,2000,2000,,2013/08/28,sci-fi,to-read (#53),to-read,,,,,,,0,,,,,
1249095,The Logic of Life: The Rational Economics of an Irrational World,Tim Harford,"Harford, Tim",,1400066425,9781400066421,0,3.79,Random House,Hardcover,213,2008,2008,,2016/01/29,math,to-read (#234),to-read,,,,,,,0,,,,,
20575446,In Real Life,Cory Doctorow,"Doctorow, Cory",Jen Wang,1596436581,9781596436589,0,3.79,First Second,Paperback,175,2014,2014,,2014/09/30,sci-fi,to-read (#118),to-read,,,,,,,0,,,,,
4025200,The Unincorporated Man,Dani Kollin,"Kollin, Dani",Eytan Kollin,765318997,9780765318992,0,3.8,Tor Books,Hardcover,479,2009,2009,,2012/08/12,sci-fi,to-read (#42),to-read,,,,,,,0,,,,,
6516450,What the Dog Saw and Other Adventures,Malcolm Gladwell,"Gladwell, Malcolm",,316078573,9780316078573,0,3.8,"Little, Brown and Company",Hardcover,444,2009,2009,,2016/01/29,math,to-read (#233),to-read,,,,,,,0,,,,,
616458,"Ranks of Bronze (Earth Legions, #1)",David Drake,"Drake, David",,671318330,9780671318338,0,3.8,Baen,Mass Market Paperback,320,2001,1986,,2012/03/18,sci-fi,to-read (#19),to-read,,,,,,,0,,,,,
20348955,The Synchronicity War Part 1,Dietmar Wehr,"Wehr, Dietmar",,,,0,3.8,Dietmar Arthur Wehr,Kindle Edition,287,2013,2013,,2016/01/28,sci-fi,to-read (#184),to-read,,,,,,,0,,,,,
13931214,"The Moon Dwellers (The Dwellers, #1)",David Estes,"Estes, David",,,,0,3.81,David Estes,Kindle Edition,369,2012,2012,,2016/01/28,sci-fi,to-read (#177),to-read,,,,,,,0,,,,,
223584,"Pearl Harbor: A Novel of December 8th (Pearl Harbor, #1)",Newt Gingrich,"Gingrich, Newt",William R. Forstchen,312363508,9780312363505,0,3.81,Thomas Dunne Books,Hardcover,366,2007,2007,,2012/03/17,military-history,to-read (#9),to-read,,,,,,,0,,,,,
77507,"Red Mars (Mars Trilogy, #1)",Kim Stanley Robinson,"Robinson, Kim Stanley",,553560735,9780553560732,0,3.82,Spectra,Mass Market Paperback,572,1993,1993,,2012/03/31,sci-fi,to-read (#25),to-read,,,,,,,0,,,,,
1557115,States of Matter,David Goodstein,"Goodstein, David",,048664927X,9780486649276,0,3.82,Dover Publications,Paperback,512,2014,2002,,2014/09/28,math,to-read (#116),to-read,,,,,,,0,,,,,
17910044,"Mentats of Dune (Schools of Dune, #2)",Brian Herbert,"Herbert, Brian",Kevin J. Anderson,765322749,9780765322746,0,3.82,Tor Books,Hardcover,448,2014,2014,,2014/01/17,sci-fi,to-read (#64),to-read,,,,,,,0,,,,,
19492853,The 40 Most Influential Christians . . . Who Shaped What We Believe Today,Daryl Aaron,"Aaron, Daryl",,,,0,3.82,Bethany House Publishers,Kindle Edition,305,2013,2013,,2016/01/28,philosophy,to-read (#175),to-read,,,,,,,0,,,,,
18490567,"Lock In (Lock In, #1)",John Scalzi,"Scalzi, John",,,,0,3.83,Tor Books,Kindle Edition,337,2014,2014,,2014/11/06,sci-fi,to-read (#131),to-read,,,,,,,0,,,,,
13707560,Naked Statistics: Stripping the Dread from the Data,Charles Wheelan,"Wheelan, Charles",,393071952,9780393071955,0,3.83,W. W. Norton & Company,Hardcover,260,2013,2012,,2013/08/26,math,to-read (#51),to-read,,,,,,,0,,,,,
23333068,The Neanderthal's Aunt,Gina DeMarco,"DeMarco, Gina",,1940419034,9781940419039,0,3.83,Sciencethrillers Media,Paperback,238,2014,2014,,2014/11/06,sci-fi,to-read (#124),to-read,,,,,,,0,,,,,
8935689,"Consider Phlebas (Culture, #1)",Iain M. Banks,"Banks, Iain M.",,1857231384,9781857231380,0,3.84,Orbit,Paperback,471,2005,1987,,2016/01/29,sci-fi,to-read (#228),to-read,,,,,,,0,,,,,
272545,The Outbreak of the Peloponnesian War ,Donald Kagan,"Kagan, Donald",,801495563,9780801495564,0,3.84,Cornell University Press,Paperback,440,1989,1969,,2016/01/29,military-history,to-read (#222),to-read,,,,,,,0,,,,,
19086685,"Arena Mode (The Arena Mode Saga, #1)",Blake Northcott,"Northcott, Blake","Jim Deley, Kiri Callaghan, J.D. Hunter, Amy Leigh Strickland, Dan Panosian, Mark McKenna, Natasha Allegri, Barry Kitson, Comic Book Girl 19",,,0,3.84,Noösphere Publishing,Kindle Edition,355,2014,2013,,2016/01/28,sci-fi,to-read (#167),to-read,,,,,,,0,,,,,
7815,The Year of Magical Thinking,Joan Didion,"Didion, Joan",,1400078431,9781400078431,0,3.84,Vintage,Paperback,227,2007,2005,,2011/12/02,math,to-read (#6),to-read,,,,,,,0,,,,,
22320,"Pattern Recognition (Blue Ant, #1)",William Gibson,"Gibson, William",,425198685,9780425198681,0,3.85,Berkley Publishing,Mass Market Paperback,367,2005,2003,,2016/01/29,math,to-read (#237),to-read,,,,,,,0,,,,,
18159,"The Art of Intrusion: The Real Stories Behind the Exploits of Hackers, Intruders & Deceivers",Kevin D. Mitnick,"Mitnick, Kevin D.",William L. Simon,471782661,9780471782667,0,3.85,John Wiley & Sons,Paperback,270,2006,2005,,2014/01/16,math,to-read (#60),to-read,,,,,,,0,,,,,
22471354,"The Heretic (Beyond the Wall, #1)",Lucas Bale,"Bale, Lucas",,,,0,3.85,Dark Matter Publishing,Paperback,192,2014,2014,,2016/01/28,sci-fi,to-read (#172),to-read,,,,,,,0,,,,,
18651791,Statistics,Boundless,"Boundless, Boundless",,,9781940464381,0,3.85,Boundless,Kindle Edition,600,2013,2013,,2014/06/19,math,to-read (#87),to-read,,,,,,,0,,,,,
2272880,The Drunkard's Walk: How Randomness Rules Our Lives,Leonard Mlodinow,"Mlodinow, Leonard",,375424040,9780375424045,0,3.86,Pantheon,Hardcover,252,2008,2008,,2013/08/26,math,to-read (#49),to-read,,,,,,,0,,,,,
367882,"Supreme Command: Soldiers, Statesmen, and Leadership in Wartime",Eliot A. Cohen,"Cohen, Eliot A.",,1400034043,9781400034048,0,3.87,Anchor Books,Paperback,320,2003,2002,,2016/01/29,military-history,to-read (#201),to-read,,,,,,,0,,,,,
22434154,Hacker For Hire (Ted Higuera Series Book 2),Pendelton Wallace,"Wallace, Pendelton",,,,0,3.88,Victory Press,Kindle Edition,335,2014,2014,,2016/01/28,gen,to-read (#180),to-read,,,,,,,0,,,,,
1536419,Killing Rommel,Steven Pressfield,"Pressfield, Steven",,385519702,9780385519700,0,3.88,Broadway,Hardcover,320,2008,2008,,2016/01/29,military-history,to-read (#239),to-read,,,,,,,0,,,,,
350,Stranger in a Strange Land,Robert A. Heinlein,"Heinlein, Robert A.",,441788386,9780441788385,0,3.89,Ace,Paperback,528,1991,1961,,2012/03/17,sci-fi,to-read (#10),to-read,,,,,,,0,,,,,
23168809,"The End of All Things (Old Man's War, #6)",John Scalzi,"Scalzi, John",,765376075,9780765376077,0,3.89,Tor Books,Hardcover,380,2015,2015,,2015/05/27,sci-fi,to-read (#153),to-read,,,,,,,0,,,,,
19229374,"The Hidden Brain: How Our Unconscious Minds Elect Presidents, Control Markets, Wage Wars, and Save Our Lives",Shankar Vedantam,"Vedantam, Shankar",,,,0,3.89,Spiegel & Grau,Kindle Edition,290,2009,2009,,2015/02/04,math,to-read (#142),to-read,,,,,,,0,,,,,
208054,Discourse on Metaphysics & Other Essays,Gottfried Wilhelm Leibniz,"Leibniz, Gottfried Wilhelm","Roger Ariew, Daniel Garber",872201325,9780872201323,0,3.89,"Hackett Publishing Company, Inc.",Paperback,96,1991,1686,,2016/01/29,philosophy,to-read (#220),to-read,,,,,,,0,,,,,
20729830,No Man's Land: Fiction from a World at War,Pete Ayrton,"Ayrton, Pete",,1605986496,9781605986494,0,3.9,Pegasus,Paperback,504,2014,2014,,2014/08/23,military-history,to-read (#100),to-read,,,,,,,0,,,,,
17319013,Origins,Mark Henrikson,"Henrikson, Mark",,,,0,3.9,Mark Henrikson,Kindle Edition,276,2013,2012,,2016/01/28,sci-fi,to-read (#181),to-read,,,,,,,0,,,,,
7235066,CEH Certified Ethical Hacker Study Guide,Kimberly Graves,"Graves, Kimberly",,470525207,9780470525203,0,3.91,Sybex,Paperback,432,2010,2010,,2012/08/25,math,to-read (#43),to-read,,,,,,,0,,,,,
13151129,"Earth Unaware (The First Formic War, #1)",Orson Scott Card,"Card, Orson Scott",Aaron Johnston,765329042,9780765329042,0,3.91,Tor Books,Hardcover,368,2012,2012,,2014/10/01,sci-fi,to-read (#121),to-read,,,,,,,0,,,,,
25350,"Out of the Silent Planet (Space Trilogy, #1)",C.S. Lewis,"Lewis, C.S.",,7157150,9780007157150,0,3.91,HarperCollins Publishers,Paperback,224,2005,1938,,2012/06/30,sci-fi,to-read (#35),to-read,,,,,,,0,,,,,
211972,The Utility of Force: The Art of War in the Modern World,Rupert  Smith,"Smith, Rupert",,307265625,9780307265623,0,3.92,Knopf,Hardcover,448,2007,2005,,2016/01/29,military-history,to-read (#200),to-read,,,,,,,0,,,,,
2381785,The Last Centurion,John Ringo,"Ringo, John",,1416555536,9781416555537,0,3.92,Baen,Hardcover,448,2008,2008,,2015/10/27,sci-fi,to-read (#157),to-read,,,,,,,0,,,,,
20874139,I Am Livia,Phyllis T. Smith,"Smith, Phyllis T.",,,,0,3.92,Lake Union Publishing,Kindle Edition,391,2014,2011,,2014/06/19,gen,to-read (#86),to-read,,,,,,,0,,,,,
23148593,"Potatoes, Come Forth!",H. Jonas Rhynedahll,"Rhynedahll, H. Jonas",,990478106,9780990478102,0,3.92,Rhynedahll Software,Paperback,330,2014,2011,,2014/10/01,fun,to-read (#120),to-read,,,,,,,0,,,,,
14050,The Time Traveler's Wife,Audrey Niffenegger,"Niffenegger, Audrey",,965818675,9780965818674,0,3.93,MacAdam/Cage,Paperback,528,2003,2003,,2011/12/02,sci-fi,to-read (#1),to-read,,,,,,,0,,,,,
23114336,The Last Infection,Michael W. Garza,"Garza, Michael W.",,1925047954,9781925047950,0,3.93,Severed Press,Paperback,214,2014,2014,,2014/11/08,sci-fi,to-read (#132),to-read,,,,,,,0,,,,,
17841838,"The Outer Limits of Reason: What Science, Mathematics, and Logic Cannot Tell Us",Noson S. Yanofsky,"Yanofsky, Noson S.",,262019353,9780262019354,0,3.94,Mit Press,Hardcover,403,2013,2013,,2016/01/29,math,to-read (#209),to-read,,,,,,,0,,,,,
18079705,"The Flight of the Silvers (Silvers, #1)",Daniel Price,"Price, Daniel",,399164987,9780399164989,0,3.95,Blue Rider Press,Hardcover,608,2014,2014,,2014/04/09,sci-fi,to-read (#74),to-read,,,,,,,0,,,,,
284658,"Trading in Danger (Vatta's War, #1)",Elizabeth Moon,"Moon, Elizabeth",,345447611,9780345447616,0,3.95,Del Rey,Paperback,357,2004,2003,,2012/12/04,sci-fi,to-read (#46),to-read,,,,,,,0,,,,,
7081,The Android's Dream,John Scalzi,"Scalzi, John",,765309416,9780765309419,0,3.96,Tor Books,Hardcover,396,2006,2006,,2016/01/29,sci-fi,to-read (#236),to-read,,,,,,,0,,,,,
319006,At Home in the Universe: The Search for the Laws of Self-Organization and Complexity,Stuart A. Kauffman,"Kauffman, Stuart A.",,195111303,9780195111309,0,3.96,"Oxford University Press, USA",Paperback,336,1996,1995,,2016/01/29,math,to-read (#230),to-read,,,,,,,0,,,,,
528362,"A Hymn Before Battle (Posleen War, #1)",John Ringo,"Ringo, John",,1416533214,9781416533214,0,3.98,Baen Books,Paperback,467,2006,2000,,2012/03/18,sci-fi,to-read (#16),to-read,,,,,,,0,,,,,
18490707,"Earth Awakens (The First Formic War, #3)",Orson Scott Card,"Card, Orson Scott",Aaron Johnston,765329069,9780765329066,0,3.98,Tor Books,Hardcover,400,2014,2014,,2014/05/30,sci-fi,to-read (#79),to-read,,,,,,,0,,,,,
16059350,"Earth Afire (The First Formic War, #2)",Orson Scott Card,"Card, Orson Scott",Aaron Johnston,765329050,9780765329059,0,3.98,Tor Books,Hardcover,399,2013,2013,,2014/10/01,sci-fi,to-read (#122),to-read,,,,,,,0,,,,,
7937510,Naked Economics: Undressing the Dismal Science,Charles Wheelan,"Wheelan, Charles",Burton G. Malkiel,393337642,9780393337648,0,3.98,W. W. Norton & Company,Paperback,384,2010,2002,,2016/01/29,math,to-read (#212),to-read,,,,,,,0,,,,,
18114068,Redeployment,Phil Klay,"Klay, Phil",,1594204993,9781594204999,0,3.98,Penguin Press,Hardcover,288,2014,2014,,2014/12/23,military-history,to-read (#136),to-read,,,,,,,0,,,,,
61539,The Structure of Scientific Revolutions,Thomas S. Kuhn,"Kuhn, Thomas S.",,226458083,9780226458083,0,3.98,University of Chicago Press,Paperback,226,1996,1962,,2012/06/30,math,to-read (#36),to-read,,,,,,,0,,,,,
23766830,Ad Astra,Jack Campbell,"Campbell, Jack",,162567032X,9781625670328,0,3.98,"Jabberwocky Literary Agency, Inc.",Paperback,197,2014,2013,,2014/12/30,sci-fi,to-read (#138),to-read,,,,,,,0,,,,,
15790894,"Fortune's Pawn (Paradox, #1)",Rachel Bach,"Bach, Rachel",,316221112,9780316221115,0,3.99,Orbit,Paperback,320,2013,2013,,2016/01/29,sci-fi,to-read (#242),to-read,,,,,,,0,,,,,
910863,"Spin (Spin, #1)",Robert Charles Wilson,"Wilson, Robert Charles",,076534825X,9780765348258,0,4,Tor Science Fiction,Mass Market Paperback,458,2006,2005,,2016/01/29,sci-fi,to-read (#192),to-read,,,,,,,0,,,,,
13542832,"Tarnished Knight (The Lost Stars, #1)",Jack Campbell,"Campbell, Jack",,1937077829,9781937077822,0,4,Ace Hardcover/Berkley,Hardcover,390,2012,2012,,2016/01/29,sci-fi,to-read (#190),to-read,,,,,,,0,,,,,
665134,The (Mis)Behavior of Markets,Benoît B. Mandelbrot,"Mandelbrot, Benoît B.",Richard L. Hudson,465043550,9780465043552,0,4,Basic Books,Hardcover,352,2004,1997,,2014/01/31,math,to-read (#66),to-read,,,,,,,0,,,,,
5597902,Complexity: A Guided Tour,Melanie Mitchell,"Mitchell, Melanie",,195124413,9780195124415,0,4,"Oxford University Press, USA",Hardcover,349,2009,2009,,2014/06/09,math,to-read (#81),to-read,,,,,,,0,,,,,
13058637,Subliminal: How Your Unconscious Mind Rules Your Behavior,Leonard Mlodinow,"Mlodinow, Leonard",,307378217,9780307378217,0,4,Pantheon,Hardcover,260,2012,2012,,2013/08/26,math,to-read (#50),to-read,,,,,,,0,,,,,
1440148,"Little Fuzzy (Fuzzy Sapiens, #1)",H. Beam Piper,"Piper, H. Beam",,843959118,9780843959116,0,4,Cosmos Books,Mass Market,252,2007,1962,,2016/01/29,sci-fi,to-read (#226),to-read,,,,,,,0,,,,,
1060412,"Achtung-Panzer!: The Development of Armoured Forces, Their Tactics and Operational Potential",Heinz Guderian,"Guderian, Heinz",,1854092820,9781854092823,0,4,Arms & Armour Press,Paperback,220,1995,1937,,2016/01/29,military-history,to-read (#199),to-read,,,,,,,0,,,,,
8730339,Scenario Planning - Revised and Updated Edition: The Link Between Future and Strategy,Mats Lindgren,"Lindgren, Mats",Hans Bandhold,230579191,9780230579194,0,4,Palgrave Macmillan,Hardcover,200,2009,2009,,2014/06/19,military-history,to-read (#89),to-read,,,,,,,0,,,,,
49628,Cloud Atlas,David Mitchell,"Mitchell, David",,375507256,9780375507250,0,4.01,Random House,Paperback,509,2004,2004,,2012/09/04,sci-fi,to-read (#45),to-read,,,,,,,0,,,,,
98361,Soldiers and Ghosts: A History of Battle in Classical Antiquity,J.E. Lendon,"Lendon, J.E.",,300119798,9780300119794,0,4.01,Yale University Press,Paperback,480,2006,2005,,2016/01/29,military-history,to-read (#198),to-read,,,,,,,0,,,,,
617661,Delta Force: The Army's Elite Counterterrorist Unit,Charlie A. Beckwith,"Beckwith, Charlie A.",Donald Knox,380809397,9780380809394,0,4.01,Avon,Paperback,384,2000,1983,,2016/01/29,military-history,to-read (#203),to-read,,,,,,,0,,,,,
8520610,Quiet: The Power of Introverts in a World That Can't Stop Talking,Susan Cain,"Cain, Susan",,307352145,9780307352149,0,4.01,Crown,Hardcover,352,2012,2012,,2012/07/15,math,to-read (#41),to-read,,,,,,,0,,,,,
337123,Complexity: The Emerging Science at the Edge of Order and Chaos,M. Mitchell Waldrop,"Waldrop, M. Mitchell",,671872346,9780671872342,0,4.02,Simon & Schuster,Paperback,384,1993,1992,,2016/01/29,math,to-read (#208),to-read,,,,,,,0,,,,,
38315,Fooled by Randomness: The Hidden Role of Chance in Life and in the Markets,Nassim Nicholas Taleb,"Taleb, Nassim Nicholas",,812975219,9780812975215,0,4.02,Random House Trade Paperbacks,Paperback,368,2005,2001,,2014/10/01,math,to-read (#123),to-read,,,,,,,0,,,,,
74821,"Day by Day Armageddon (Day by Day Armageddon,#1)",J.L. Bourne,"Bourne, J.L.",,1411608313,9781411608313,0,4.02,Lulu.com,Paperback,260,2004,2004,,2012/03/18,sci-fi,to-read (#17),to-read,,,,,,,0,,,,,
20345049,Goodnight Brew: A Parody for Beer People,Karla Oceanak,"Oceanak, Karla",Allie Ogg,1934649503,9781934649503,0,4.02,Bailiwick Press,Hardcover,32,2014,2014,,2014/08/23,fun,to-read (#94),to-read,,,,,,,0,,,,,
24983,"Doomsday Book (Oxford Time Travel, #1)",Connie Willis,"Willis, Connie",,553562738,9780553562736,0,4.03,Bantam Spectra,Mass Market Paperback,578,1992,1992,,2012/03/27,sci-fi,to-read (#23),to-read,,,,,,,0,,,,,
3348656,The Accidental Guerrilla: Fighting Small Wars in the Midst of a Big One,David Kilcullen,"Kilcullen, David",,195368347,9780195368345,0,4.03,"Oxford University Press, Inc.",Hardcover,346,2009,2009,,2013/12/16,military-history,to-read (#55),to-read,,,,,,,0,,,,,
23470865,Angles of Attack,Marko Kloos,"Kloos, Marko",,1477828311,9781477828311,0,4.04,47North,Paperback,338,2015,2015,,2015/03/29,sci-fi,to-read (#144),to-read,,,,,,,0,,,,,
4502877,"Midnight Sun (Twilight, #1.5)",Stephenie Meyer,"Meyer, Stephenie",,,,0,4.04,,ebook,264,2008,2008,,2011/12/02,sci-fi,to-read (#3),to-read,,,,,,,0,,,,,
100365,"The Mote in God's Eye (Moties, #1)",Larry Niven,"Niven, Larry",Jerry Pournelle,156865054X,9781568650548,0,4.05,Spectrum Literary Agency,ebook,596,2011,1974,,2012/03/18,sci-fi,to-read (#15),to-read,,,,,,,0,,,,,
25349323,"Can Long Endure (The End of All Things, #3)",John Scalzi,"Scalzi, John",,,,0,4.05,Tor Books,Kindle Edition,150,2015,2015,,2015/05/27,sci-fi,to-read (#151),to-read,,,,,,,0,,,,,
12319,Basic Writings of Nietzsche,Friedrich Nietzsche,"Nietzsche, Friedrich","Walter Kaufmann, Peter Gay",679783393,9780679783398,0,4.06,"Random House, Inc.",Paperback,862,2000,1967,,2016/01/29,philosophy,to-read (#218),to-read,,,,,,,0,,,,,
24602227,ATLAS 3,Isaac Hooke,"Hooke, Isaac",,1477828672,9781477828670,0,4.06,47North,Paperback,483,2015,2015,,2015/05/27,sci-fi,to-read (#148),to-read,,,,,,,0,,,,,
41821,The Gods Themselves,Isaac Asimov,"Asimov, Isaac",,1857989341,9781857989342,0,4.06,Millenium,Paperback,288,2000,1972,,2012/03/18,sci-fi,to-read (#14),to-read,,,,,,,0,,,,,
12753230,"On Silver Wings (Hayden War Cycle, #1)",Evan C. Currie,"Currie, Evan C.",,,,0,4.06,,Kindle Edition,255,2011,2011,,2016/01/29,sci-fi,to-read (#194),to-read,,,,,,,0,,,,,
254024,Panzer Leader,Heinz Guderian,"Guderian, Heinz","B.H. Liddell Hart, Kenneth John Macksey",306811014,9780306811012,0,4.07,Da Capo Press,Paperback,552,2001,1950,,2013/12/16,military-history,to-read (#54),to-read,,,,,,,0,,,,,
19395553,Our Mathematical Universe: My Quest for the Ultimate Nature of Reality,Max Tegmark,"Tegmark, Max",,1846144760,9781846144769,0,4.07,Allen Lane,Hardcover,432,2014,2013,,2015/10/27,math,to-read (#158),to-read,,,,,,,0,,,,,
18465875,Countdown to Zero Day: Stuxnet and the Launch of the World's First Digital Weapon,Kim Zetter,"Zetter, Kim",,077043617X,9780770436179,0,4.07,Crown,Hardcover,406,2014,2014,,2014/09/10,math,to-read (#109),to-read,,,,,,,0,,,,,
19225603,Those Who Dare (Raiding Forces Book 1),Phil Ward,"Ward, Phil",,,9781608320684,0,4.07,Greenleaf Book Group Press,Kindle Edition,381,2010,2010,,2016/01/28,military-history,to-read (#161),to-read,,,,,,,0,,,,,
414999,Childhood's End,Arthur C. Clarke,"Clarke, Arthur C.",,345347951,9780345347954,0,4.07,Del Rey,Mass Market Paperback,224,1987,1953,,2012/03/31,sci-fi,to-read (#24),to-read,,,,,,,0,,,,,
619590,Bayesian Data Analysis,Andrew Gelman,"Gelman, Andrew","John B. Carlin, Hal S. Stern, Donald B. Rubin",158488388X,9781584883883,0,4.08,CRC Press,Hardcover,696,2003,1995,,2016/01/29,math,to-read (#225),to-read,,,,,,,0,,,,,
23986884,"The Dawn: Omnibus edition (A Dystopian Science Fiction, Post Apocalyptic Series): A dystopian Sci-Fi series",Michelle Muckley,"Muckley, Michelle",,,,0,4.08,,Kindle Edition,629,2014,2014,,2016/01/28,sci-fi,to-read (#169),to-read,,,,,,,0,,,,,
2429135,"The Girl with the Dragon Tattoo (Millennium, #1)",Stieg Larsson,"Larsson, Stieg",Reg Keeland,307269752,9780307269751,0,4.08,Knopf,Hardcover,465,2008,2005,,2011/12/02,gen,to-read (#2),to-read,,,,,,,0,,,,,
3228917,Outliers: The Story of Success,Malcolm Gladwell,"Gladwell, Malcolm",,316017922,9780316017923,0,4.08,"Little, Brown and Company",Hardcover,309,2008,2008,,2015/02/11,math,to-read (#143),to-read,,,,,,,0,,,,,
18130,"A Wind in the Door (A Wrinkle in Time Quintet, #2)",Madeleine L'Engle,"L'Engle, Madeleine",,,9780440487616,0,4.08,Dell Laurel-Leaf,Mass Market Paperback,203,1976,1973,,2012/06/30,sci-fi,to-read (#34),to-read,,,,,,,0,,,,,
22957597,Frozen Hairstyles: The Ultimate Guide to Anna and Elsa's Hairstyles,Edda Usa Editorial Team,"Team, Edda Usa Editorial",,1940787092,9781940787091,0,4.08,Edda USA,Paperback,72,2014,2014,,2014/09/28,gen,to-read (#111),to-read,,,,,,,0,,,,,
18051086,Steve Jobs,Walter Isaacson,"Isaacson, Walter",,1451648545,9781451648546,0,4.09,Simon & Schuster,Paperback,656,2013,2011,,2014/06/19,gen,to-read (#90),to-read,,,,,,,0,,,,,
55203,"The Mask of Command: Alexander the Great, Wellington, Ulysses S. Grant, Hitler, and the Nature of Leadership",John Keegan,"Keegan, John",,140114068,9780140114065,0,4.09,Penguin Books,Paperback,400,1988,1987,,2016/01/29,military-history,to-read (#196),to-read,,,,,,,0,,,,,
18443922,The Paradox Initiative,Alydia Rackham,"Rackham, Alydia",,149221583X,9781492215837,0,4.09,Createspace,Paperback,260,2013,2013,,2014/03/04,sci-fi,to-read (#70),to-read,,,,,,,0,,,,,
24972,"The Sickness Unto Death (Kierkegaard's Writings, Vol 19)",Søren Kierkegaard,"Kierkegaard, Søren","Edna Hatlestad Hong, Howard Vincent Hong",691020280,9780691020280,0,4.09,Princeton University Press,Paperback,201,1983,1849,,2012/06/30,philosophy,to-read (#37),to-read,,,,,,,0,,,,,
47281,Number the Stars,Lois Lowry,"Lowry, Lois",,440227534,9780440227533,0,4.09,Laurel Leaf,Mass Market Paperback,137,1998,1989,,2011/12/03,sci-fi,to-read (#7),to-read,,,,,,,0,,,,,
4407,"American Gods (American Gods, #1)",Neil Gaiman,"Gaiman, Neil",,747263744,9780747263746,0,4.1,Headline Review,Paperback,635,2005,2001,,2014/04/24,sci-fi,to-read (#77),to-read,,,,,,,0,,,,,
17618384,"Forging Zero (The Legend of ZERO, #1)",Sara  King,"King, Sara",,,,0,4.1,Parasite Publications,Kindle Edition,610,2013,2013,,2013/08/26,sci-fi,to-read (#48),to-read,,,,,,,0,,,,,
13376,"The House of the Scorpion (Matteo Alacran, #1)",Nancy Farmer,"Farmer, Nancy",,689852231,9780689852237,0,4.1,Atheneum Books for Young Readers,Paperback,380,2004,2002,,2012/03/18,sci-fi,to-read (#21),to-read,,,,,,,0,,,,,
8855321,"Leviathan Wakes (Expanse, #1)",James S.A. Corey,"Corey, James S.A.",,1841499889,9781841499888,0,4.11,Orbit,Paperback,561,2011,2011,,2016/01/29,sci-fi,to-read (#195),to-read,,,,,,,0,,,,,
22704234,War Stories: New Military Science Fiction,Jaym Gates,"Gates, Jaym",Andrew Liptak,1937009262,9781937009267,0,4.11,Apex Publications,Paperback,360,2014,2014,,2014/09/28,sci-fi,to-read (#115),to-read,,,,,,,0,,,,,
20819434,Immortal Tyranny (The Judas Chronicles Book 5),Aiden James,"James, Aiden",,,,0,4.11,Manor House Books,Kindle Edition,195,2014,2014,,2016/01/28,sci-fi,to-read (#187),to-read,,,,,,,0,,,,,
284369,Computers and Intractability: A Guide to the Theory of NP-Completeness,Michael R. Garey,"Garey, Michael R.",David S. Johnson,716710455,9780716710455,0,4.12,W. H. Freeman,Paperback,340,1979,1979,,2016/01/29,math,to-read (#216),to-read,,,,,,,0,,,,,
41811,"The Caves of Steel (Robot, #1)",Isaac Asimov,"Asimov, Isaac",,586008357,9780586008355,0,4.12,Voyager,Mass Market Paperback,206,1997,1954,,2012/03/18,sci-fi,to-read (#12),to-read,,,,,,,0,,,,,
9260507,5 Very Good Reasons to Punch a Dolphin in the Mouth and Other Useful Guides,Matthew Inman,"Inman, Matthew",,1449401163,9781449401160,0,4.12,Andrews McMeel Publishing,Paperback,160,2011,2010,,2016/01/29,fun,to-read (#221),to-read,,,,,,,0,,,,,
695429,Gödel's Proof,Ernest Nagel,"Nagel, Ernest","James Roy Newman, Douglas R. Hofstadter",814758169,9780814758168,0,4.12,New York University Press,Hardcover,129,2001,1958,,2012/06/30,math,to-read (#39),to-read,,,,,,,0,,,,,
77711,"A Fire Upon the Deep (Zones of Thought, #1)",Vernor Vinge,"Vinge, Vernor",,812515285,9780812515282,0,4.13,Tor Science Fiction,Mass Market Paperback,613,1993,1992,,2012/03/18,sci-fi,to-read (#13),to-read,,,,,,,0,,,,,
558059,The Fractal Geometry of Nature,Benoît B. Mandelbrot,"Mandelbrot, Benoît B.",,716711869,9780716711865,0,4.13,Times Books,Hardcover,480,1982,1977,,2016/01/29,math,to-read (#207),to-read,,,,,,,0,,,,,
22808070,Insurgency,Kurt Schuett,"Schuett, Kurt",,162827932X,9781628279320,0,4.13,Bad Day Books,Paperback,296,2014,2014,,2014/09/10,military-history,to-read (#110),to-read,,,,,,,0,,,,,
808164,Science of Logic,Georg Wilhelm Friedrich Hegel,"Hegel, Georg Wilhelm Friedrich",A.V. Miller,1573922803,9781573922807,0,4.14,Prometheus Books,Paperback,844,1998,1816,,2016/01/29,math,to-read (#219),to-read,,,,,,,0,,,,,
23008136,Things to Make and Do in the Fourth Dimension,Matt Parker,"Parker, Matt",,,9781846147647,0,4.14,Particular Books,Hardcover,455,2014,2014,,2016/01/29,math,to-read (#206),to-read,,,,,,,0,,,,,
6713634,"Live Free or Die (Troy Rising, #1)",John Ringo,"Ringo, John",,1439133328,9781439133323,0,4.14,Baen,Hardcover,404,2010,2010,,2012/03/18,sci-fi,to-read (#22),to-read,,,,,,,0,,,,,
888620,Ominous Parallels,Leonard Peikoff,"Peikoff, Leonard",,452011175,9780452011175,0,4.14,Plume,Paperback,352,1983,1982,,2016/01/29,sci-fi,to-read (#217),to-read,,,,,,,0,,,,,
18938872,"The Preacher's Daughter (Annie's People, #1)",Beverly  Lewis,"Lewis, Beverly",,,,0,4.14,Bethany House Publishers,Kindle Edition,352,2005,2005,,2016/01/28,sci-fi,to-read (#186),to-read,,,,,,,0,,,,,
558194,Naive Set Theory,Paul R. Halmos,"Halmos, Paul R.",,387900926,9780387900926,0,4.14,Springer,Hardcover,104,1974,1960,,2016/01/29,math,to-read (#204),to-read,,,,,,,0,,,,,
61621,Gray Hat Hacking: The Ethical Hacker's Handbook,Allen Harper,"Harper, Allen","Chris Eagle, Shon Harris",72257091,9780072257090,0,4.15,McGraw-Hill/Osborne Media,Paperback,434,2004,2004,,2012/06/17,math,to-read (#33),to-read,,,,,,,0,,,,,
20696044,Band of Giants: The Amateur Soldiers Who Won America's Independence,Jack Kelly,"Kelly, Jack",,1137278773,9781137278777,0,4.15,St. Martin's Press,Hardcover,288,2014,2014,,2014/08/23,military-history,to-read (#101),to-read,,,,,,,0,,,,,
22999934,Dell Zero,Carol Ervin,"Ervin, Carol",,692269495,9780692269497,0,4.15,Carol L Ervin,Paperback,234,2014,2014,,2014/08/23,gen,to-read (#95),to-read,,,,,,,0,,,,,
6138606,"The Seeker (The Host, #2)",Stephenie Meyer,"Meyer, Stephenie",,,,0,4.16,,Hardcover,300,,,,2012/03/17,sci-fi,to-read (#8),to-read,,,,,,,0,,,,,
3109,The Omnivore's Dilemma: A Natural History of Four Meals,Michael Pollan,"Pollan, Michael",,1594200823,9781594200823,0,4.17,The Penguin Press,Hardcover,451,2006,2006,,2012/04/20,math,to-read (#27),to-read,,,,,,,0,,,,,
299215,The Road to Serfdom,Friedrich Hayek,"Hayek, Friedrich",,226320618,9780226320618,0,4.17,University Of Chicago Press,Paperback,274,1994,1944,,2012/06/30,philosophy,to-read (#38),to-read,,,,,,,0,,,,,
250838,Infantry Attacks,Erwin Rommel,"Rommel, Erwin",Manfred Rommel,1853677078,9781853677076,0,4.17,Greenhill Books,Paperback,256,2006,1937,,2013/12/16,military-history,to-read (#56),to-read,,,,,,,0,,,,,
25349318,"This Hollow Union (The End of All Things, #2)",John Scalzi,"Scalzi, John",,,,0,4.17,Tor Books,Kindle Edition,150,2015,2015,,2015/05/27,sci-fi,to-read (#150),to-read,,,,,,,0,,,,,
6892870,"The Girl Who Kicked the Hornet's Nest (Millennium, #3)",Stieg Larsson,"Larsson, Stieg",Reg Keeland,030726999X,9780307269997,0,4.18,Knopf,Hardcover,563,2010,2007,,2011/12/02,gen,to-read (#4),to-read,,,,,,,0,,,,,
827,"The Diamond Age: or, A Young Lady's Illustrated Primer",Neal Stephenson,"Stephenson, Neal",,553380966,9780553380965,0,4.18,Spectra,Paperback,499,2000,1995,,2014/12/22,sci-fi,to-read (#135),to-read,,,,,,,0,,,,,
77566,Hyperion (Hyperion Cantos #1),Dan Simmons,"Simmons, Dan",,553283685,9780553283686,0,4.18,Bantam Spectra,Mass Market Paperback,483,1990,1989,,2016/01/29,sci-fi,to-read (#238),to-read,,,,,,,0,,,,,
23131009,Gene. Sys.,Aaron Denius Garcia,"Garcia, Aaron Denius",,1502743043,9781502743046,0,4.18,Createspace Independent Publishing Platform,Paperback,360,2014,2014,,2014/11/06,sci-fi,to-read (#127),to-read,,,,,,,0,,,,,
61619,Hacking: The Art of Exploitation,Jon Erickson,"Erickson, Jon",,1593270070,9781593270070,0,4.18,No Starch Press,Paperback,241,2004,2003,,2012/06/17,math,to-read (#32),to-read,,,,,,,0,,,,,
25361472,"To Stand or Fall (The End of All Things, #4)",John Scalzi,"Scalzi, John",,,,0,4.18,Tor Books,Kindle Edition,91,2015,2015,,2015/05/27,sci-fi,to-read (#152),to-read,,,,,,,0,,,,,
116185,Journey through Genius: The Great Theorems of Mathematics,William Dunham,"Dunham, William",,014014739X,9780140147391,0,4.19,Penguin Books,Paperback,320,1991,1990,,2016/01/29,math,to-read (#205),to-read,,,,,,,0,,,,,
5553,Six Easy Pieces: Essentials of Physics By Its Most Brilliant Teacher,Richard Feynman,"Feynman, Richard",,465023924,9780465023929,0,4.19,Basic Books,Paperback,138,2005,1962,,2012/04/20,math,to-read (#28),to-read,,,,,,,0,,,,,
5060378,"The Girl Who Played with Fire (Millennium, #2)",Stieg Larsson,"Larsson, Stieg",Reg Keeland,307269981,9780307269980,0,4.2,Alfred A. Knopf,Hardcover,503,2009,2006,,2011/12/02,gen,to-read (#5),to-read,,,,,,,0,,,,,
13720511,Willful Ignorance: The Mismeasure of Uncertainty,Herbert I. Weisberg,"Weisberg, Herbert I.",,470890444,9780470890448,0,4.2,Wiley,Paperback,456,2014,2014,,2014/09/28,math,to-read (#112),to-read,,,,,,,0,,,,,
19311474,"Galois Theory: Lectures Delivered at the University of Notre Dame by Emil Artin (Notre Dame Mathematical Lectures, (Dover Books on Mathematics)",Emil Artin,"Artin, Emil",Arthur N. Milgram,048615825X,9780486158259,0,4.2,Dover Publications,Kindle Edition,86,2012,1958,,2014/01/16,math,to-read (#57),to-read,,,,,,,0,,,,,
7519640,War,Sebastian Junger,"Junger, Sebastian",,446556246,9780446556248,0,4.21,Twelve,Hardcover,304,2010,2010,,2016/01/29,military-history,to-read (#202),to-read,,,,,,,0,,,,,
45252,Pandora's Star,Peter F. Hamilton,"Hamilton, Peter F.",,345461622,9780345461629,0,4.22,Del Rey,Hardcover,768,2005,2004,,2012/03/18,sci-fi,to-read (#20),to-read,,,,,,,0,,,,,
25349319,"The Life of the Mind (The End of All Things, #1)",John Scalzi,"Scalzi, John",,,,0,4.22,Tor Books,Kindle Edition,82,2015,2015,,2015/05/27,sci-fi,to-read (#149),to-read,,,,,,,0,,,,,
20628526,Ominous Realities: The Anthology of Dark Speculative Horrors,Anthony Rivera,"Rivera, Anthony","Sharon Lawson, William Meikle, John F.D. Taff, Ken Altabef, Gregory L. Norris, J. Daniel Stone, Eric Del Carlo, Bracken MacLeod, Hugh A.D. Spencer, Edward Morris, Jonathan Balog, Ewan C. Forbes, Allen Griffin, Alice Goldfuss, Paul Williams, T. Fox Dunham, Martin   Rose",1940658039,9781940658032,0,4.23,Grey Matter Press,Paperback,332,2013,2013,,2014/02/01,sci-fi,to-read (#67),to-read,,,,,,,0,,,,,
8295305,A Book of Abstract Algebra,Charles C. Pinter,"Pinter, Charles C.",,486474178,9780486474175,0,4.25,Dover Publications,Paperback,400,2010,1982,,2016/01/29,math,to-read (#214),to-read,,,,,,,0,,,,,
20821472,Ring Of Steel: Germany and Austria-Hungary in World War I,Alexander Watson,"Watson, Alexander",,465018726,9780465018727,0,4.26,Basic Books,Hardcover,832,2014,2014,,2014/08/23,military-history,to-read (#99),to-read,,,,,,,0,,,,,
24113,"Gödel, Escher, Bach: An Eternal Golden Braid",Douglas R. Hofstadter,"Hofstadter, Douglas R.",,465026567,9780465026562,0,4.29,Basic Books,Paperback,822,1999,1979,,2012/03/17,military-history,to-read (#11),to-read,,,,,,,0,,,,,
20949181,The Cryptic Case of the Coded Fair,Barbara Tinker,"Tinker, Barbara","Robert Tinker, Pendred Noyce",989792420,9780989792424,0,4.29,"Tumblehome Learning, Inc.",Paperback,192,2014,2014,,2014/09/28,fun,to-read (#113),to-read,,,,,,,0,,,,,
56167,Feynman's Lost Lecture: The Motion of Planets Around the Sun,David Goodstein,"Goodstein, David","Judith R. Goodstein, Richard Feynman",393039188,9780393039184,0,4.29,W. W. Norton & Company,Hardcover,192,1996,1996,,2014/01/16,math,to-read (#59),to-read,,,,,,,0,,,,,
18796382,Population Countdown: Fight for Mankind,Nicolle Barbee,"Barbee, Nicolle",,1628544449,9781628544442,0,4.3,Tate Publishing,Paperback,247,2013,2013,,2014/03/04,sci-fi,to-read (#72),to-read,,,,,,,0,,,,,
9003187,Doing Bayesian Data Analysis: A Tutorial Introduction with R and BUGS,John Kruschke,"Kruschke, John",,123814855,9780123814852,0,4.36,Elsevier,Hardcover,653,2010,2010,,2014/01/16,math,to-read (#58),to-read,,,,,,,0,,,,,
20829029,The Martian,Andy Weir,"Weir, Andy",,553418025,9780553418026,0,4.38,Broadway Books/Crown/Random House (NY),Paperback,387,2014,2011,,2014/12/30,sci-fi,to-read (#140),to-read,,,,,,,0,,,,,
22883536,"Fearless & Feminine, Raising Confident Daughters",Laurie W.J.N.,"W.J.N., Laurie",,150055409x,9781500554095,0,4.4,CreateSpace,Paperback,74,2014,2014,,2014/08/23,gen,to-read (#97),to-read,,,,,,,0,,,,,
23487233,Paladin's Odyssey,Bruce Fottler,"Fottler, Bruce",,1502829037,9781502829030,0,4.41,CreateSpace Independent Publishing Platform,Paperback,226,2014,2014,,2014/11/06,sci-fi,to-read (#128),to-read,,,,,,,0,,,,,
389341,The Campaigns of Napoleon,David G. Chandler,"Chandler, David G.",,25236601,9780025236608,0,4.45,Scribner,Hardcover,1216,1973,1966,,2016/01/29,military-history,to-read (#197),to-read,,,,,,,0,,,,,
18502584,Dogs of War,Mike McPhail,"McPhail, Mike","David Sherman, C.J. Henderson, Edward J. McFadden III, Janine K. Spendlove, Eric V. Hardenbrook, Judi Fleming, Vonnie Winslow Crist, Christopher M. Hiles, Robert E. Waters, Danielle Ackley-McPhail, Peter Prellwitz, James  Chambers, Tony Ruggiero, Bud Sparhawk, Patrick Thomas, Brenda Cooper, Jeff   Young",1937051056,9781937051051,0,4.59,"Dark Quest, LLC",Paperback,254,2013,2013,,2014/01/17,military-history,to-read (#62),to-read,,,,,,,0,,,,,
22882749,Cookbook 2314,Adam Blue,"Blue, Adam",,1500262854,9781500262853,0,4.6,Stone House Press,Paperback,52,2014,2014,,2014/11/06,gen,to-read (#130),to-read,,,,,,,0,,,,,
20649576,"Revelation (The Phoenix Project, #3)",M.R. Pritchard,"Pritchard, M.R.",,1495306119,9781495306112,0,4.61,Pritchard Publishing,Paperback,300,2014,2014,,2014/04/09,sci-fi,to-read (#75),to-read,,,,,,,0,,,,,
25303845,Flight of The Blue Falcon,Jonathan Raab,"Raab, Jonathan",,692384707,9780692384701,0,4.67,The War Writers' Campaign Inc.,Paperback,400,2015,2015,,2015/05/05,sci-fi,to-read (#147),to-read,,,,,,,0,,,,,
23731743,"Dishonor (In Search of Honor, #1)",Francesca Huber,"Huber, Francesca",,1497390117,9781497390119,0,4.67,CreateSpace Independent Publishing Platform,Paperback,222,2014,2014,,2014/12/15,sci-fi,to-read (#134),to-read,,,,,,,0,,,,,
25003109,The Game,Christopher J. Thomasson,"Thomasson, Christopher J.",,1508627576,9781508627579,0,5,,Paperback,128,2015,2015,,2015/05/05,sci-fi,to-read (#146),to-read,,,,,,,0,,,,,
9836084,Hull Zero Three,Greg Bear,"Bear, Greg",,575100966,9780575100961,0,3.35,Gollancz,Paperback,307,2011,2010,,2012/08/27,sci-fi,"sci-fi (#35), to-read (#44)",to-read,,,,,,,0,,,,,
2316941,Orson Scott Card's InterGalactic Medicine Show,Edmund R. Schubert,"Schubert, Edmund R.","Orson Scott Card, David Farland, Tim Pratt, David Lubar, James Maxey, Peter Orullian, Tom Barlow, Aaron Johnston, Scott M. Roberts, Rachel Ann Dryden, Brian Dolton, Bradley P. Beaulieu, Eric James Stone, Ty Franck",765320002,9780765320001,0,3.9,Tor Books,Paperback,432,2008,2005,,2014/06/28,sci-fi,"sci-fi (#67), to-read (#93)",read,,,,,,,0,,,,,
22428252,"The Trafalgar Gambit (Ark Royal, #3)",Christopher Nuttall,"Nuttall, Christopher",Justin  Adams,,,0,3.97,Amazon,Kindle Edition,353,2014,2014,,2014/06/23,sci-fi,"sci-fi (#66), to-read (#92)",to-read,,,,,,,0,,,,,
16690,The Moon is a Harsh Mistress,Robert A. Heinlein,"Heinlein, Robert A.",,340837942,9780340837948,5,4.16,Hodder & Stoughton,Paperback,288,2005,1966,,2011/12/02,philosophy,"sci-fi (#33), philosophy (#15)",read,,,,,,,0,,,,,
19519695,The Clock Struck None,Lou Antonelli,"Antonelli, Lou",,1617209449,9781617209444,0,3.38,Fantastic Books,Paperback,274,2014,2014,2014/06/22,2014/01/17,sci-fi,"sci-fi (#64), currently-reading (#7)",currently-reading,,,,,,,0,,,,,
21615,The Coming,Joe Haldeman,"Haldeman, Joe",,441008763,9780441008766,3,3.05,Ace,Paperback,278,2001,2000,,2011/12/02,sci-fi,sci-fi (#27),read,,,,,,,0,,,,,
7892754,Out of the Dark,David Weber,"Weber, David",,765324121,9780765324122,1,3.17,Tor Books,Hardcover,381,2010,2010,,2011/12/03,sci-fi,sci-fi (#13),read,,,,,,,0,,,,,
12853163,Further: Beyond the Threshold,Chris Roberson,"Roberson, Chris",,1612182437,9781612182438,3,3.31,47North,Paperback,352,2012,2012,,2014/01/16,sci-fi,sci-fi (#47),read,,,,,,,0,,,,,
15847394,"Pins and Needles (The Chosen, #1)",N.M. Santoski,"Santoski, N.M.",,,,5,3.31,Amazon KDP,Kindle Edition,300,2012,2012,,2014/02/26,sci-fi,sci-fi (#43),read,,,,,,,0,,,,,
16173250,"Gilded (Gilded, #1)",Christina  Farley,"Farley, Christina",,1477847014,9781477847015,2,3.44,Skyscape,Hardcover,352,2014,2014,2014/02/11,2014/02/06,sci-fi,sci-fi (#44),read,,,,,,,0,,,,,
21610,Old Twentieth,Joe Haldeman,"Haldeman, Joe",,441013430,9780441013432,3,3.52,Ace,Mass Market Paperback,285,2006,2005,,2011/12/02,sci-fi,sci-fi (#28),read,,,,,,,0,,,,,
23365213,"Dark Space (Dark Space, #1)",Jasper T. Scott,"Scott, Jasper T.",,,,3,3.52,Anthem Press,ebook,209,2014,2013,,2015/02/03,sci-fi,sci-fi (#80),read,,,,,,,0,,,,,
50840,Farnham's Freehold,Robert A. Heinlein,"Heinlein, Robert A.",,1416520937,9781416520931,0,3.53,Baen Books,Paperback,294,2006,1964,2013/08/26,2012/08/05,sci-fi,sci-fi (#59),read,,,,,,,0,,,,,
29587,Down and Out in the Magic Kingdom,Cory Doctorow,"Doctorow, Cory",,076530953X,9780765309532,3,3.57,Tor Books,Paperback,208,2003,2003,2013/08/26,2013/07/28,sci-fi,sci-fi (#57),read,,,,,,,0,,,,,
6397351,"Hidden Empire (Empire, #2)",Orson Scott Card,"Card, Orson Scott",,765320045,9780765320049,3,3.61,Tor Books,Hardcover,336,2009,2009,,2012/07/16,sci-fi,sci-fi (#60),read,,,,,,,0,,,,,
20957088,"The Terran Gambit (The Pax Humana Saga, #1)",Endi Webb,"Webb, Endi",,,,4,3.62,,ebook,285,2014,2014,2015/02/05,2015/02/03,sci-fi,sci-fi (#79),read,,,,,,,0,,,,,
8734164,"Hellhole (Hellhole, #1)",Brian Herbert,"Herbert, Brian",Kevin J. Anderson,765322692,9780765322692,0,3.63,Tor Books,Hardcover,517,2011,2011,2012/05/18,2012/05/02,sci-fi,sci-fi (#3),read,,,,,,,0,,,,,
19085134,The Third World War: A Narrative History,Adam Yoshida,"Yoshida, Adam",,,,3,3.67,Yoshida Media Company,Kindle Edition,556,2012,2012,,2014/06/19,sci-fi,sci-fi (#41),read,,,,,,,0,,,,,
25181062,"The Atlantis Gene (The Origin Mystery, #1)",A.G. Riddle,"Riddle, A.G.",,,9781784970093,0,3.67,Head of Zeus,Paperback,537,2015,2013,2015/09/13,2015/06/14,sci-fi,sci-fi (#84),read,,,,,,,0,,,,,
20878116,"The Atlantis Gene (The Origin Mystery, #1)",A.G. Riddle,"Riddle, A.G.",,,,0,3.67,Modern Mythology,Paperback,452,,2013,,2014/06/17,sci-fi,sci-fi (#87),read,,,,,,,0,,,,,
21608,The Accidental Time Machine,Joe Haldeman,"Haldeman, Joe",,441014992,9780441014996,3,3.67,Ace,Hardcover,278,2007,2007,,2011/12/02,sci-fi,sci-fi (#29),read,,,,,,,0,,,,,
49789,Building Harlequin's Moon,Larry Niven,"Niven, Larry",Brenda Cooper,765351293,9780765351296,2,3.68,Tor Science Fiction,Paperback,501,2006,2005,,2012/03/18,sci-fi,sci-fi (#9),read,,,,,,,0,,,,,
16050877,Marines,Jay  Allan,"Allan, Jay",,615694918,9780615694917,3,3.68,System 7 Publishing,Paperback,238,2012,2012,,2014/10/01,sci-fi,sci-fi (#81),read,,,,,,,0,,,,,
20556791,"Ark Royal (Ark Royal, #1)",Christopher Nuttall,"Nuttall, Christopher",,,,4,3.72,,Kindle Edition,440,2014,2014,2014/03/20,2014/03/15,sci-fi,sci-fi (#42),read,,,,,,,0,,,,,
21618,"Forever Peace (The Forever War, #2)",Joe Haldeman,"Haldeman, Joe",,441005667,9780441005666,3,3.72,Ace,Paperback,351,1998,1997,,2011/12/02,sci-fi,sci-fi (#30),read,,,,,,,0,,,,,
455373,Sphere,Michael Crichton,"Crichton, Michael",,345418972,9780345418975,0,3.73,Ballantine Books,Paperback,371,1997,1987,,2012/06/30,sci-fi,sci-fi (#1),read,,,,,,,0,,,,,
15793043,"Hellhole Awakening (Hellhole, #2)",Brian Herbert,"Herbert, Brian",Kevin J. Anderson,765322706,9780765322708,0,3.74,Tor Books,Hardcover,528,2013,2013,2014/01/28,2013/08/26,sci-fi,sci-fi (#56),read,,,,,,,0,,,,,
18714917,ATLAS,Isaac Hooke,"Hooke, Isaac",,,,4,3.77,,ebook,245,2013,2013,2014/06/22,2014/03/20,sci-fi,sci-fi (#62),read,,,,,,,0,,,,,
1656001,"The Host (The Host, #1)",Stephenie Meyer,"Meyer, Stephenie",,316068047,9780316068048,5,3.84,Little Brown and Company,Hardcover,620,2008,2008,,2011/12/02,sci-fi,sci-fi (#26),read,,,,,,,0,,,,,
146499,Invitation to the Game,Monica Hughes,"Hughes, Monica",Broeck Steadman,671866923,9780671866921,5,3.84,Simon Pulse,Mass Market Paperback,192,1993,1991,,2012/06/17,sci-fi,sci-fi (#2),read,,,,,,,0,,,,,
23166727,Stars & Empire: 10 Galactic Tales (Stars & Empire Box Set Collection),Jay  Allan,"Allan, Jay","Michael Bunker, Joshua Dalzelle, Isaac Hooke, Christopher Nuttall, Edward W. Robertson, Jasper T. Scott, Endi Webb, Dietmar Arthur Wehr, Raymond L Weil",,,4,3.86,Steel Magnolia Press,Kindle Edition,2200,2014,2014,2015/02/09,2014/09/28,sci-fi,sci-fi (#82),read,,,,,,,0,,,,,
18108877,"Timebound (The Chronos Files, #1)",Rysa Walker,"Walker, Rysa",,,,4,3.86,Skyscape,Kindle Edition,366,2014,2012,2014/01/09,2014/01/04,sci-fi,sci-fi (#48),read,,,,,,,0,,,,,
21918745,"Destruction (Galactic Empire Wars, #1)",Raymond L. Weil,"Weil, Raymond L.",,,,3,3.89,Raymond L. Weil,Kindle Edition,313,2014,2014,,2015/02/09,sci-fi,sci-fi (#78),read,,,,,,,0,,,,,
21531232,"The Nelson Touch (Ark Royal, #2)",Christopher Nuttall,"Nuttall, Christopher",Justin  Adams,,,4,3.9,Amazon,Kindle Edition,497,2014,2014,,2014/06/23,sci-fi,sci-fi (#65),read,,,,,,,0,,,,,
276478,The Apocalypse Troll,David Weber,"Weber, David",,671318322,9780671318321,2,3.92,Baen,Hardcover,320,2001,1998,,2011/12/03,sci-fi,sci-fi (#14),read,,,,,,,0,,,,,
112292,"Dauntless (The Lost Fleet, #1)",Jack Campbell,"Campbell, Jack",,441014186,9780441014187,4,3.92,Penguin,Mass Market Paperback,304,2006,2006,,2012/03/18,sci-fi,sci-fi (#10),read,,,,,,,0,,,,,
17619479,Terms of Enlistment,Marko Kloos,"Kloos, Marko",,,,4,3.93,Frostbite Publishing,Kindle Edition,282,2013,2013,,2013/08/26,sci-fi,sci-fi (#36),read,,,,,,,0,,,,,
6288,The Road,Cormac McCarthy,"McCarthy, Cormac",,307265439,9780307265432,2,3.94,Knopf,Hardcover,241,2006,2006,2012/06/17,2011/12/02,sci-fi,sci-fi (#24),read,,,,,,,0,,,,,
12917338,"Homeland (Little Brother, #2)",Cory Doctorow,"Doctorow, Cory",,765333694,9780765333698,4,3.95,Tor Teen,Hardcover,396,2013,2013,,2013/07/14,sci-fi,sci-fi (#58),read,,,,,,,0,,,,,
954674,"Little Brother (Little Brother, #1)",Cory Doctorow,"Doctorow, Cory",,765319853,9780765319852,4,3.95,Tor Teen,Hardcover,384,2008,2008,2012/08/19,2012/08/16,sci-fi,sci-fi (#34),read,<br/>      <br/>  Could've been alot better.  The existence of a super secure operating system and free standardized hardware seeming a little deus ex machina...,true,,,,,0,,,,,
1372055,"Courageous (The Lost Fleet, #3)",Jack Campbell,"Campbell, Jack",,441015670,9780441015672,5,3.95,Ace,Mass Market Paperback,299,2007,2006,,2013/09/14,sci-fi,sci-fi (#51),read,,,,,,,0,,,,,
18667767,"Steadfast (The Lost Fleet: Beyond the Frontier, #4)",Jack Campbell,"Campbell, Jack",,425260526,9780425260524,5,3.96,Ace,Hardcover,386,2014,2014,,2014/01/16,sci-fi,sci-fi (#46),read,"The story continues...  A good read that was quite enjoyable.  I keep finding myself waiting again for the next episode of this great scifi series, only it's months rather than days between books!<br/><br/>Let's be honest, if you are already this far into the series you've enjoyed something about the last books and this is more of the same.<br/><br/>If you haven't read any of them, the author does write to keep things accessible to people just dropping into the story, but go back and read from the beginning.<br/><br/>And of course, a twist in the end keeps you hooked for the next book... I won't spoil it.<br/><br/>...<br/>In compliance with FTC guidelines, I disclose in my review that I received the book for free through Goodreads First Reads.",,,,,,0,,,,,
164154,A Canticle for Leibowitz,Walter M. Miller Jr.,"Jr., Walter M. Miller",,60892994,9780060892999,5,3.96,HarperCollins EOS,Paperback,335,2006,1959,,2012/03/18,sci-fi,sci-fi (#5),read,,,,,,,0,,,,,
4381,Fahrenheit 451,Ray Bradbury,"Bradbury, Ray",,307347974,9780307347978,0,3.96,Plaza y Janes,Paperback,238,2006,1953,,2012/03/18,sci-fi,sci-fi (#6),read,,,,,,,0,,,,,
96594,"Fearless (The Lost Fleet, #2)",Jack Campbell,"Campbell, Jack",,441014763,9780441014767,5,3.97,Ace,Mass Market Paperback,295,2007,2007,,2013/09/14,sci-fi,sci-fi (#50),read,,,,,,,0,,,,,
2341319,"Valiant (The Lost Fleet, #4)",Jack Campbell,"Campbell, Jack",,441016197,9780441016198,5,3.98,Ace,Mass Market Paperback,284,2008,2008,,2013/09/14,sci-fi,sci-fi (#52),read,,,,,,,0,,,,,
17214,Starship Troopers,Robert A. Heinlein,"Heinlein, Robert A.",,441783589,9780441783588,5,3.98,Ace Book,Mass Market Paperback,264,1987,1959,,2011/12/02,sci-fi,sci-fi (#32),read,,,,,,,0,,,,,
16176480,"The Empire's Corps (The Empire's Corps, #1)",Christopher Nuttall,"Nuttall, Christopher",,,,4,4,"Amazon Digital Services, Inc. ",Kindle Edition,563,2012,2011,2014/12/06,2014/03/20,sci-fi,sci-fi (#63),read,,,,,,,0,,,,,
19315717,Pushed to the Stars - trilogy set,Larry Morris,"Morris, Larry",,,,3,4,Larry Morris,Kindle Edition,512,2013,2013,,2014/01/03,sci-fi,sci-fi (#49),read,,,,,,,0,,,,,
830,Snow Crash,Neal Stephenson,"Stephenson, Neal",,553380958,9780553380958,5,4,Bantam Books,Paperback,470,2000,1992,2016/01/23,2014/04/24,sci-fi,sci-fi (#86),read,"If anyone can get away with a main character called ""Hiro Protagonist"" it's Neal Stephenson.  This book has held up quite well over time, and explores a lot of interesting concepts while still remaining very enjoyable.  ",,,,,,0,,,,,
9676849,"Dreadnaught (The Lost Fleet: Beyond the Frontier, #1)",Jack Campbell,"Campbell, Jack",,441020372,9780441020379,5,4,Ace,Hardcover,356,2011,2011,,2013/09/14,sci-fi,sci-fi (#55),read,,,,,,,0,,,,,
8908,World War Z: An Oral History of the Zombie War,Max Brooks,"Brooks, Max",,307346609,9780307346605,5,4,Crown,Hardcover,342,2006,2006,,2011/12/02,sci-fi,sci-fi (#25),read,,,,,,,0,,,,,
38447,The Handmaid's Tale,Margaret Atwood,"Atwood, Margaret",,038549081X,9780385490818,4,4,Anchor Books,Paperback,311,1998,1985,,2011/12/02,sci-fi,sci-fi (#20),read,,,,,,,0,,,,,
88071,The Last Colony (Old Man's War #3),John Scalzi,"Scalzi, John",,765316978,9780765316974,4,4.01,Tor Books,Hardcover,320,2007,2007,,2011/12/03,sci-fi,sci-fi (#17),read,,,,,,,0,,,,,
18373,Flowers for Algernon,Daniel Keyes,"Keyes, Daniel",,156030306,9780156030304,4,4.02,Mariner Books,Paperback,311,2005,1958,,2012/03/31,sci-fi,sci-fi (#4),read,,,,,,,0,,,,,
4981,Slaughterhouse-Five,Kurt Vonnegut,"Vonnegut, Kurt",,385333846,9780385333849,4,4.03,Dial Press Trade Paperback,Paperback,215,1999,1969,2015/02/23,2011/12/02,sci-fi,sci-fi (#77),read,,,,,,,0,,,,,
21407680,ATLAS 2,Isaac Hooke,"Hooke, Isaac",,,,3,4.03,,Paperback,240,2014,2014,2015/02/03,2014/04/01,sci-fi,sci-fi (#76),read,,,,,,,0,,,,,
24358527,Angles of Attack (Frontlines #3),Marko Kloos,"Kloos, Marko",,,,4,4.04,47North,Kindle Edition,352,2015,2015,,2015/02/09,sci-fi,sci-fi (#83),read,,,,,,,0,,,,,
5292173,"Relentless (The Lost Fleet, #5)",Jack Campbell,"Campbell, Jack",,441017088,9780441017089,5,4.04,Ace,Paperback,336,2009,2009,,2013/09/14,sci-fi,sci-fi (#53),read,,,,,,,0,,,,,
18131,"A Wrinkle in Time (A Wrinkle in Time Quintet, #1)",Madeleine L'Engle,"L'Engle, Madeleine",,440498058,9780440498056,4,4.04,Yearling Books,Paperback,211,1973,1962,,2011/12/02,sci-fi,sci-fi (#21),read,,,,,,,0,,,,,
15698479,"The Human Division (Old Man's War, #5)",John Scalzi,"Scalzi, John",,765333511,9780765333513,4,4.05,Tor Books,Hardcover,431,2013,2013,,2013/08/28,sci-fi,sci-fi (#37),read,Collection of short stories from a larger narrative. ,,,,,,0,,,,,
15984804,"Guardian (The Lost Fleet: Beyond the Frontier, #3)",Jack Campbell,"Campbell, Jack",,042526050X,9780425260500,0,4.05,Ace,Hardcover,416,2013,2013,,2013/09/14,sci-fi,sci-fi (#75),read,,,,,,,0,,,,,
18476102,"Lines of Departure (Frontlines, #2)",Marko Kloos,"Kloos, Marko",,1477817409,9781477817407,5,4.05,47North,Paperback,315,2014,2014,2014/04/03,2014/01/16,sci-fi,sci-fi (#45),read,,,,,,,0,,,,,
13497,"A Feast for Crows (A Song of Ice and Fire, #4)",George R.R. Martin,"Martin, George R.R.",,055358202X,9780553582024,5,4.07,Bantam,Mass Market Paperback,1060,2006,2005,2014/08/13,2014/07/10,sci-fi,sci-fi (#70),read,,,,,,,0,,,,,
7200884,"Victorious (The Lost Fleet, #6)",Jack Campbell,"Campbell, Jack",,441018696,9780441018697,5,4.07,Ace,Paperback,352,2010,2010,,2013/09/14,sci-fi,sci-fi (#54),read,,,,,,,0,,,,,
7488673,By Heresies Distressed,David Weber,"Weber, David",,765353997,9780765353993,3,4.08,Tor Science Fiction,Paperback,640,2010,2009,,2014/06/19,sci-fi,sci-fi (#39),read,,,,,,,0,,,,,
2381756,"By Schism Rent Asunder (Safehold, #2)",David Weber,"Weber, David",,765315017,9780765315014,2,4.08,Tor Books,Hardcover,510,2008,2008,,2011/12/03,sci-fi,sci-fi (#15),read,,,,,,,0,,,,,
12398719,"Invincible (The Lost Fleet: Beyond the Frontier, #2)",Jack Campbell,"Campbell, Jack",,1937007456,9781937007454,4,4.08,Ace,Hardcover,389,2012,2012,2013/09/18,2013/09/14,sci-fi,sci-fi (#38),read,,,,,,,0,,,,,
239399,"The Ghost Brigades (Old Man's War, #2)",John Scalzi,"Scalzi, John",,765354063,9780765354068,5,4.08,Tor Science Fiction,Paperback,347,2007,2006,,2011/12/03,sci-fi,sci-fi (#18),read,,,,,,,0,,,,,
6940561,"A Mighty Fortress (Safehold, #4)",David Weber,"Weber, David",,076531505X,9780765315052,4,4.09,Tor Books,Hardcover,718,2010,2010,,2014/06/19,sci-fi,sci-fi (#40),read,,,,,,,0,,,,,
29579,"Foundation (Foundation, #1)",Isaac Asimov,"Asimov, Isaac",,553803719,9780553803716,0,4.09,Spectra,Hardcover,256,2004,1951,,2012/03/17,sci-fi,sci-fi (#12),read,,,,,,,0,,,,,
72199,"Off Armageddon Reef (Safehold, #1)",David Weber,"Weber, David",,765315009,9780765315007,4,4.12,Tor Books,Hardcover,605,2007,2007,,2011/12/03,sci-fi,sci-fi (#16),read,,,,,,,0,,,,,
102327,Armor,John Steakley,"Steakley, John",,886773687,9780886773687,5,4.12,DAW,Mass Market Paperback,426,1984,1984,,2012/03/18,sci-fi,sci-fi (#11),read,,,,,,,0,,,,,
3636,"The Giver (The Giver, #1)",Lois Lowry,"Lowry, Lois",,385732554,9780385732550,5,4.12,Ember,Mass Market Paperback,224,2006,1993,,2011/12/02,sci-fi,sci-fi (#23),read,,,,,,,0,,,,,
21611,"The Forever War (The Forever War, #1)",Joe Haldeman,"Haldeman, Joe",,60510862,9780060510862,5,4.13,Voyager,Paperback,278,2003,1974,,2011/12/02,sci-fi,sci-fi (#31),read,,,,,,,0,,,,,
234225,"Dune (Dune Chronicles, #1)",Frank Herbert,"Herbert, Frank",,340839937,9780340839935,0,4.16,Hodder & Stoughton,Paperback,604,2006,1965,,2012/03/18,sci-fi,sci-fi (#8),read,,,,,,,0,,,,,
2845024,Anathem,Neal Stephenson,"Stephenson, Neal",,61474096,9780061474095,5,4.17,William Morrow & Company,Hardcover,937,2008,2008,2014/09/24,2014/09/10,sci-fi,sci-fi (#72),read,,,,,,,0,,,,,
11,"The Hitchhiker's Guide to the Galaxy (Hitchhiker's Guide to the Galaxy, #1)",Douglas Adams,"Adams, Douglas",,345391802,9780345391803,4,4.19,Del Rey Books,Mass Market Paperback,216,1995,1979,,2012/03/18,sci-fi,sci-fi (#7),read,,,,,,,0,,,,,
51964,"Old Man's War (Old Man's War, #1)",John Scalzi,"Scalzi, John",,765348276,9780765348272,5,4.22,Tor Books,Mass Market Paperback,314,2007,2005,,2011/12/03,sci-fi,sci-fi (#19),read,,,,,,,0,,,,,
10664113,"A Dance with Dragons (A Song of Ice and Fire, #5)",George R.R. Martin,"Martin, George R.R.",,,,5,4.28,Bantam,Kindle Edition,1125,2011,2011,,2014/07/10,sci-fi,sci-fi (#71),read,,,,,,,0,,,,,
375802,"Ender's Game (The Ender Quintet, #1)",Orson Scott Card,"Card, Orson Scott",,812550706,9780812550702,5,4.29,Tor Science Fiction,Paperback,324,1994,1985,,2011/12/02,sci-fi,sci-fi (#22),read,,,,,,,0,,,,,
21845122,"Qualify (The Atlantis Grail, #1)",Vera Nazarian,"Nazarian, Vera",,1607621339,9781607621331,0,4.36,Norilana Books,Paperback,600,2014,2014,,2015/10/01,sci-fi,sci-fi (#85),read,,,,,,,0,,,,,
10572,"A Clash of Kings  (A Song of Ice and Fire, #2)",George R.R. Martin,"Martin, George R.R.",,553381695,9780553381696,5,4.39,Bantam,Paperback,761,2002,1998,2014/07/24,2014/07/10,sci-fi,sci-fi (#68),read,,,,,,,0,,,,,
13496,"A Game of Thrones (A Song of Ice and Fire, #1)",George R.R. Martin,"Martin, George R.R.",,553588486,9780553588484,5,4.44,Bantam,Mass Market Paperback,835,2005,1996,2014/07/10,2014/03/25,sci-fi,sci-fi (#61),read,,,,,,,0,,,,,
62291,"A Storm of Swords (A Song of Ice and Fire, #3)",George R.R. Martin,"Martin, George R.R.",,055357342X,9780553573428,5,4.54,Bantam,Mass Market Paperback,1177,2003,2000,,2014/07/10,sci-fi,sci-fi (#69),read,,,,,,,0,,,,,
667,Anthem,Ayn Rand,"Rand, Ayn",,452281253,9780452281257,5,3.61,NAL,Paperback,105,1999,1938,,2012/03/17,philosophy,philosophy (#12),read,,,,,,,0,,,,,
584637,Utilitarianism,John Stuart Mill,"Mill, John Stuart",George Sher,087220605X,9780872206052,0,3.63,Hackett Publishing Company,Paperback,71,2002,1861,,2012/06/30,philosophy,philosophy (#4),read,,,,,,,0,,,,,
31862,Discourse on Method and Meditations on First Philosophy,René Descartes,"Descartes, René",Donald A. Cress,872204200,9780872204201,4,3.64,"Hackett Publishing Company, Inc.",Paperback,103,1999,1637,,2012/06/30,philosophy,philosophy (#9),read,,,,,,,0,,,,,
662,Atlas Shrugged,Ayn Rand,"Rand, Ayn",Leonard Peikoff,452011876,9780452011878,0,3.67,NAL,Paperback,1168,1999,1957,,2012/03/17,philosophy,philosophy (#13),read,,,,,,,0,,,,,
30658,Meditations on First Philosophy,René Descartes,"Descartes, René",Donald A. Cress,872201929,9780872201927,0,3.69,"Hackett Publishing Company, Inc.",Paperback,59,1993,1641,,2012/06/30,philosophy,philosophy (#6),read,,,,,,,0,,,,,
159418,Discourse on Method,René Descartes,"Descartes, René",Donald A. Cress,872204227,9780872204225,0,3.7,"Hackett Publishing Company, Inc.",Paperback,58,1998,1637,,2012/06/30,philosophy,philosophy (#2),read,,,,,,,0,,,,,
448836,Second Treatise of Government,John Locke,"Locke, John",C.B. Macpherson,915144867,9780915144860,0,3.74,"Hackett Publishing Company (Indianapolis, IN)",Paperback,148,1980,1689,,2012/06/30,philosophy,philosophy (#1),read,,,,,,,0,,,,,
60080,Groundwork of the Metaphysics of Morals (Texts in the History of Philosophy),Immanuel Kant,"Kant, Immanuel","Mary J. Gregor, Christine M. Korsgaard",521626951,9780521626958,0,3.77,Cambridge University Press,paper,76,1998,1785,,2012/06/30,philosophy,philosophy (#5),read,,,,,,,0,,,,,
364550,Two Treatises of Government,John Locke,"Locke, John","Peter Laslett, Raymond Geuss",521357306,9780521357302,0,3.8,Cambridge University Press,Paperback,480,1988,1689,,2016/01/29,philosophy,philosophy (#19),read,,,,,,,0,,,,,
9454,Phenomenology of Spirit,Georg Wilhelm Friedrich Hegel,"Hegel, Georg Wilhelm Friedrich","A.V. Miller, J.N. Findlay",198245971,9780198245971,0,3.88,Oxford University Press,Paperback,640,1976,1806,,2016/01/29,philosophy,philosophy (#18),read,,,,,,,0,,,,,
19068,The Nicomachean Ethics,Aristotle,"Aristotle, Aristotle","J.A.K. Thomson, Jonathan Barnes, Hugh Tredennick",140449493,9780140449495,0,3.89,Penguin Classics,Paperback,329,2004,-350,,2014/05/04,philosophy,philosophy (#16),read,,,,,,,0,,,,,
385228,On Liberty,John Stuart Mill,"Mill, John Stuart",,140432078,9780140432077,0,3.91,Penguin Classics,Paperback,187,1985,1859,2012/05/02,2012/04/26,philosophy,philosophy (#11),read,,,,,,,0,,,,,
161744,Common Sense,Thomas Paine,"Paine, Thomas",,143036254,9780143036258,0,3.95,Penguin,Paperback,104,2005,1776,,2016/01/29,philosophy,philosophy (#17),read,,,,,,,0,,,,,
227265,Ishmael: An Adventure of the Mind and Spirit,Daniel Quinn,"Quinn, Daniel",,553375407,9780553375404,0,3.96,Bantam,Paperback,272,1995,1992,,2012/06/30,philosophy,philosophy (#3),read,,,,,,,0,,,,,
92307,Being and Time,Martin Heidegger,"Heidegger, Martin",,60638508,9780060638504,0,3.98,Harper & Row (NYC/Evanston),Hardcover,589,1962,1927,,2012/06/30,philosophy,philosophy (#8),read,,,,,,,0,,,,,
24965,Fear and Trembling,Søren Kierkegaard,"Kierkegaard, Søren",Alastair Hannay,143037579,9780143037576,5,4.02,Penguin Books,Paperback,160,2006,1843,,2012/06/30,philosophy,philosophy (#7),read,,,,,,,0,,,,,
51893,Thus Spoke Zarathustra,Friedrich Nietzsche,"Nietzsche, Friedrich",Walter Kaufmann,140047484,9780140047486,0,4.04,Penguin Books,Paperback,327,1978,1883,,2012/06/30,philosophy,philosophy (#10),read,,,,,,,0,,,,,
5470,1984,George Orwell,"Orwell, George",Erich Fromm,451524934,9780451524935,0,4.11,New American Library,Mass Market Paperback,268,1950,1949,,2012/03/17,philosophy,philosophy (#14),read,,,,,,,0,,,,,
4190426,Give Me Back My Legions!,Harry Turtledove,"Turtledove, Harry",,312371063,9780312371067,3,3.18,St. Martin's Press,Hardcover,310,2009,2009,2012/04/17,2012/04/13,military-history,military-history (#3),read,,,,,,,0,,,,,
55885,Learning to Eat Soup with a Knife: Counterinsurgency Lessons from Malaya and Vietnam,John A. Nagl,"Nagl, John A.",Peter J. Schoomaker,226567702,9780226567709,0,3.92,University Of Chicago Press,Paperback,280,2005,2002,,2016/01/29,military-history,military-history (#7),read,,,,,,,0,,,,,
6354883,On War,Carl von Clausewitz,"Clausewitz, Carl von",,,,3,3.94,,Kindle Edition,600,,1832,,2014/06/19,military-history,military-history (#5),read,,,,,,,0,,,,,
2324855,"Days of Infamy (Pearl Harbor, #2)",Newt Gingrich,"Gingrich, Newt",William R. Forstchen,312363516,9780312363512,0,3.98,Thomas Dunne Books,Hardcover,369,2008,2008,,2012/03/17,military-history,military-history (#4),read,,,,,,,0,,,,,
29925,Gods and Generals,Jeff Shaara,"Shaara, Jeff",,1841580651,9781841580654,0,4.02,Birlinn,Paperback,498,2000,1996,,2016/01/29,military-history,military-history (#9),read,,,,,,,0,,,,,
29917,"The Rising Tide (World War II: 1939-1945, #1)",Jeff Shaara,"Shaara, Jeff",,034546141X,9780345461414,4,4.05,Ballantine Books,Hardcover,576,2006,2006,,2014/01/16,military-history,military-history (#6),read,,,,,,,0,,,,,
48855,The Diary of a Young Girl,Anne Frank,"Frank, Anne","Eleanor Roosevelt, B.M. Mooyart-Doubleday",553296981,9780553296983,0,4.08,Bantam Books,Mass Market Paperback,283,1993,1947,,2012/04/20,military-history,military-history (#2),read,,,,,,,0,,,,,
55403,Black Hawk Down,Mark Bowden,"Bowden, Mark",,871137380,9780871137388,0,4.26,Atlantic Monthly Press,Hardcover,320,1999,1999,,2012/04/20,military-history,military-history (#1),read,,,,,,,0,,,,,
42512,We Were Soldiers Once... and Young: Ia Drang - The Battle that Changed the War in Vietnam,Harold G. Moore,"Moore, Harold G.",Joseph L. Galloway,034547581X,9780345475817,0,4.27,Presidio Press,Paperback,480,2004,1991,,2016/01/29,military-history,military-history (#8),read,,,,,,,0,,,,,
19484230,How to Gamble If You Must: Inequalities for Stochastic Processes,Lester E. Dubins,"Dubins, Lester E.","Leonard J. Savage, William Sudderth, David Gilat",486780643,9780486780641,3,3.33,Dover Publications,Paperback,304,2014,2014,,2014/08/23,math,math (#18),read,,,,,,,0,,,,,
10672848,"The Theory That Would Not Die: How Bayes' Rule Cracked the Enigma Code, Hunted Down Russian Submarines, and Emerged Triumphant from Two Centuries of Controversy",Sharon Bertsch McGrayne,"McGrayne, Sharon Bertsch",,300169698,9780300169690,0,3.6,Yale University Press,Hardcover,336,2011,2011,2013/11/26,2013/08/26,math,math (#12),read,,,,,,,0,,,,,
115105,Mathematical Statistics with Applications (Mathematical Statistics (W/ Applications)),Dennis D. Wackerly,"Wackerly, Dennis D.","William Mendenhall, Richard L. Scheaffer",534377416,9780534377410,0,3.66,Duxbury Press,Hardcover,798,2001,1995,,2015/12/16,math,math (#20),read,,,,,,,0,,,,,
7638558,Fatal System Error: The Hunt for the New Crime Lords Who are Bringing Down the Internet,Joseph Menn,"Menn, Joseph",,1586487485,9781586487485,0,3.67,PublicAffairs,Hardcover,249,2010,2010,2013/08/26,2012/08/19,math,math (#15),read,,,,,,,0,,,,,
26160109,Linear Algebra and Its Applications (5th Edition),David C. Lay,"Lay, David C.","Steven R. Lay, Judi J. McDonald",,,0,3.8,Pearson,Kindle Edition,576,2015,1993,2015/12/16,2015/10/30,math,math (#19),read,,,,,,,0,,,,,
1487938,The Pea and the Sun: A Mathematical Paradox,Leonard M. Wapner,"Wapner, Leonard M.",,1568812132,9781568812137,5,3.8,AK Peters,Hardcover,232,2005,2005,,2012/03/20,math,math (#6),read,,,,,,,0,,,,,
205816,"Hacking Exposed: Network Security Secrets & Solutions, Fifth Edition",Stuart McClure,"McClure, Stuart","Joel Scambray, George Kurtz",72260815,9780072260816,4,3.81,McGraw-Hill/Osborne Media,Paperback,692,2005,1999,2013/08/26,2012/08/29,math,math (#14),read,,,,,,,0,,,,,
9229319,"Official Ubuntu Book, The, 5/E",Benjamin Mako Hill,"Hill, Benjamin Mako","Matthew Helmke, Corey Burger",132167948,9780132167949,0,3.83,Prentice Hall,ebook,437,2010,2006,2012/08/25,2012/07/16,math,math (#17),read,,,,,,,0,,,,,
475,Collapse: How Societies Choose to Fail or Succeed,Jared Diamond,"Diamond, Jared",,143036556,9780143036555,0,3.91,Penguin Books Ltd. (London),Paperback,608,2005,2004,,2012/04/20,math,math (#4),read,,,,,,,0,,,,,
1202,"Freakonomics: A Rogue Economist Explores the Hidden Side of Everything (Freakonomics, #1)",Steven D. Levitt,"Levitt, Steven D.",Stephen J. Dubner,61234001,9780061234002,4,3.91,William Morrow,Hardcover,320,2006,2001,2012/05/02,2012/04/26,math,math (#2),read,,,,,,,0,,,,,
173346,Sams Teach Yourself SQL™ in 10 Minutes,Ben Forta,"Forta, Ben",,672325675,9780672325670,4,3.91,Sams,Paperback,242,2004,1999,2014/02/06,2014/01/28,math,math (#10),read,,,,,,,0,,,,,
6402364,"SuperFreakonomics: Global Cooling, Patriotic Prostitutes And Why Suicide Bombers Should Buy Life Insurance",Steven D. Levitt,"Levitt, Steven D.",Stephen J. Dubner,60889578,9780060889579,4,3.92,William Morrow,Hardcover,270,2009,2009,,2012/08/03,math,math (#16),read,,,,,,,0,,,,,
388049,Introduction to Graph Theory,Richard J. Trudeau,"Trudeau, Richard J.",,486678709,9780486678702,3,3.92,Dover Publications,Paperback,224,1994,1994,2014/02/06,2014/01/16,math,math (#11),read,,,,,,,0,,,,,
13588394,The Signal and the Noise: Why So Many Predictions Fail - But Some Don't,Nate Silver,"Silver, Nate",,159420411X,9781594204111,0,3.95,Penguin,Hardcover,544,2012,2012,2013/12/10,2013/08/26,math,math (#13),read,,,,,,,0,,,,,
64582,Chaos: Making a New Science,James Gleick,"Gleick, James",,140092501,9780140092509,5,3.97,Penguin Books,Paperback,352,1988,1987,,2012/03/20,math,math (#7),read,,,,,,,0,,,,,
1842,"Guns, Germs, and Steel: The Fates of Human Societies",Jared Diamond,"Diamond, Jared",,739467352,9780739467350,5,3.98,W.W. Norton & Company,Paperback,425,2005,1997,,2012/03/17,math,math (#9),read,,,,,,,0,,,,,
49234,The Third Chimpanzee: The Evolution & Future of the Human Animal,Jared Diamond,"Diamond, Jared",,60845503,9780060845506,0,4.02,Harper Perennial,Paperback,407,2006,1991,,2012/04/20,math,math (#3),read,,,,,,,0,,,,,
16213,The Hot Zone: The Terrifying True Story of the Origins of the Ebola Virus,Richard   Preston,"Preston, Richard",,385495226,9780385495226,5,4.08,Anchor Books,Paperback,323,1999,1994,,2012/03/17,math,math (#8),read,,,,,,,0,,,,,
38412,Fermat's Enigma: The Epic Quest to Solve the World's Greatest Mathematical Problem,Simon Singh,"Singh, Simon",,385493622,9780385493628,0,4.19,Anchor,Paperback,315,1998,1997,,2012/04/20,math,math (#1),read,,,,,,,0,,,,,
12466798,The Dark Side of Disney,Leonard Kinsey,"Kinsey, Leonard",,,,1,3.14,,Kindle Edition,172,,2011,,2014/06/19,fun,fun (#16),read,,,,,,,0,,,,,
49041,"New Moon (Twilight, #2)",Stephenie Meyer,"Meyer, Stephenie",,316160199,9780316160193,0,3.52,"Little, Brown and Company",Hardcover,563,2006,2006,,2012/03/17,fun,fun (#4),read,,,,,,,0,,,,,
41865,"Twilight (Twilight, #1)",Stephenie Meyer,"Meyer, Stephenie",,316015849,9780316015844,4,3.56,"Little, Brown and Company",Paperback,498,2006,2005,,2011/12/02,fun,fun (#8),read,,,,,,,0,,,,,
7624,Lord of the Flies,William Golding,"Golding, William",,140283331,9780140283334,0,3.62,Penguin Books ,Paperback,182,1999,1954,,2012/03/17,fun,fun (#2),read,,,,,,,0,,,,,
976,Deception Point,Dan Brown,"Brown, Dan",,671027387,9780671027384,1,3.63,Pocket Books,Paperback,556,2002,2001,,2011/12/02,fun,fun (#11),read,,,,,,,0,,,,,
7286217,Cyberwar: The Next Threat to National Security & What to Do About It,Richard A. Clarke,"Clarke, Richard A.",Robert Knake,61962236,9780061962233,2,3.67,Ecco,Hardcover,304,2010,2010,2012/08/19,2012/04/25,fun,fun (#14),read,,,,,,,0,,,,,
29059,Choke,Chuck Palahniuk,"Palahniuk, Chuck",,385720920,9780385720922,3,3.68,Anchor Books,Paperback,293,2002,2001,,2011/12/02,fun,fun (#12),read,,,,,,,0,,,,,
1162543,"Breaking Dawn (Twilight, #4)",Stephenie Meyer,"Meyer, Stephenie",,031606792X,9780316067928,0,3.7,"Little, Brown and Company",Hardcover,756,2008,2008,,2012/03/17,fun,fun (#3),read,,,,,,,0,,,,,
428263,"Eclipse (Twilight, #3)",Stephenie Meyer,"Meyer, Stephenie",,316160202,9780316160209,4,3.7,"Little, Brown and Company",Hardcover,629,2007,2007,,2011/12/02,fun,fun (#7),read,,,,,,,0,,,,,
1618,The Curious Incident of the Dog in the Night-Time,Mark Haddon,"Haddon, Mark",,1400032717,9781400032716,5,3.84,Vintage,Paperback,226,2004,2003,,2011/12/02,fun,fun (#9),read,,,,,,,0,,,,,
6867,Atonement,Ian McEwan,"McEwan, Ian",,038572179X,9780385721790,4,3.86,Anchor,Paperback,351,2003,2001,,2011/12/02,fun,fun (#13),read,,,,,,,0,,,,,
7260188,"Mockingjay (The Hunger Games, #3)",Suzanne Collins,"Collins, Suzanne",,439023513,9780439023511,0,4.03,Scholastic Press,Hardcover,392,2010,2010,,2012/03/17,fun,fun (#6),read,,,,,,,0,,,,,
6580475,"The Silent Sea (The Oregon Files, #7)",Clive Cussler,"Cussler, Clive",Jack Du Brul,399156259,9780399156250,4,4.06,Putnam Adult,Hardcover,403,2010,2010,2012/04/26,2012/04/18,fun,fun (#1),read,,,,,,,0,,,,,
11192642,Go the Fuck to Sleep,Adam Mansbach,"Mansbach, Adam",Ricardo Cortés,1617750255,9781617750250,5,4.24,Akashic Books,Hardcover,32,2011,2011,,2014/06/19,fun,fun (#15),read,,,,,,,0,,,,,
6148028,"Catching Fire (The Hunger Games, #2)",Suzanne Collins,"Collins, Suzanne",,439023491,9780439023498,0,4.3,Scholastic Press,Hardcover,391,2009,2009,,2012/03/17,fun,fun (#5),read,,,,,,,0,,,,,
2767052,"The Hunger Games (The Hunger Games, #1)",Suzanne Collins,"Collins, Suzanne",,439023483,9780439023481,0,4.37,Scholastic Press,Hardcover,374,2008,2008,,2011/12/02,fun,fun (#10),read,,,,,,,0,,,,,
6633968,Numbers Rule Your World: The Hidden Influence of Probabilities and Statistics on Everything You Do,Kaiser Fung,"Fung, Kaiser",,71626530,9780071626538,0,3.43,McGraw-Hill Education,Hardcover,208,2010,2010,,2016/01/28,math,currently-reading (#13),currently-reading,,,,,,,0,,,,,
23660629,"The Atomic Sea: Volume One (The Atomic Sea, #1)",Jack Conner,"Conner, Jack",,991284895,9780991284894,0,3.44,Allen Wise,Paperback,466,2014,2014,,2015/04/29,sci-fi,currently-reading (#8),currently-reading,,,,,,,0,,,,,
13588433,The Half-life of Facts: Why Everything We Know Has an Expiration Date,Samuel Arbesman,"Arbesman, Samuel",,159184472X,9781591844723,0,3.44,Current,Hardcover,256,2012,2012,,2013/08/26,math,currently-reading (#6),currently-reading,,,,,,,0,,,,,
18473791,Introduction to Probability Models,Sheldon M. Ross,"Ross, Sheldon M.",,124079482,9780124079489,0,3.5,Academic Press,Hardcover,767,2014,2014,,2015/12/16,math,currently-reading (#9),currently-reading,,,,,,,0,,,,,
17079661,Numbersense: How to Use Big Data to Your Advantage,Kaiser Fung,"Fung, Kaiser",,71799664,9780071799669,0,3.62,McGraw-Hill,Hardcover,228,2013,2013,,2016/01/28,math,currently-reading (#14),currently-reading,,,,,,,0,,,,,
22328,"Neuromancer (Sprawl, #1)",William Gibson,"Gibson, William",,441569595,9780441569595,0,3.86,Ace Books,Mass Market Paperback,271,1984,1984,,2012/08/29,sci-fi,currently-reading (#2),currently-reading,,,,,,,0,,,,,
30289,The Republic,Plato,"Plato, Plato",Desmond Lee,140449140,9780140449143,0,3.87,Penguin Classics,Paperback,416,2003,-380,,2012/06/30,philosophy,currently-reading (#1),currently-reading,,,,,,,0,,,,,
2265508,Geekonomics: The Real Cost of Insecure Software,David Rice,"Rice, David",,321477898,9780321477897,0,3.96,Addison-Wesley Professional,Hardcover,362,2007,2007,,2012/08/29,math,currently-reading (#3),currently-reading,,,,,,,0,,,,,
22826126,Seveneves,Neal Stephenson,"Stephenson, Neal",,62190377,9780062190376,0,3.99,Harper Collins,Hardcover,867,2015,2015,,2015/05/05,sci-fi,currently-reading (#10),currently-reading,,,,,,,0,,,,,
305909,Strategy,B.H. Liddell Hart,"Hart, B.H. Liddell",,452010713,9780452010710,0,4.06,Meridian/Plume,Paperback,448,1991,1941,,2013/12/04,military-history,currently-reading (#5),currently-reading,,,,,,,0,,,,,
17280233,"Poor Man's Fight (Poor Man's Fight, #1)",Elliott Kay,"Kay, Elliott",,,,0,4.17,Amazon Digital Services,Kindle Edition,356,2013,2013,,2013/08/26,sci-fi,currently-reading (#4),currently-reading,,,,,,,0,,,,,
7756381,Linear Programming and Network Flows,Mokhtar Bazaraa,"Bazaraa, Mokhtar","John Jarvis, Hanif Sherali",470462728,9780470462720,0,4.4,John Wiley & Sons,Hardcover,748,2009,2009,,2016/01/28,math,currently-reading (#11),currently-reading,,,,,,,0,,,,,
14794158,Foundations of Decision Analysis,Ronald A. Howard,"Howard, Ronald A.",Ali E. Abbas,132336243,9780132336246,0,4.5,Prentice Hall,Hardcover,832,2015,2013,,2016/01/28,math,currently-reading (#12),currently-reading,,,,,,,0,,,,,
7543151,Labor Relations: Striking a Balance,John W. Budd,"Budd, John W.",,73530336,9780073530338,3,2.91,Irwin/McGraw-Hill,Hardcover,541,2009,2004,,2014/08/24,,,read,,,,,,,0,,,,,
21043535,DoD Systems Engineering (Illustrated),Charles Colsen,"Colsen, Charles",,,,0,3,,Kindle Edition,186,2012,2012,2015/12/16,2015/04/29,,,read,,,,,,,0,,,,,
13360615,Lacuna: Demons of the Void (Lacuna #1),David  Adams,"Adams, David",,,,2,3.27,David Adams,Kindle Edition,216,2011,2011,,2014/09/28,,,read,,,,,,,0,,,,,
4050729,Staffing Organizations,Herbert G. Heneman III,"III, Herbert G. Heneman",Timothy A. Judge,73530271,9780073530277,3,3.28,Irwin/McGraw-Hill,Hardcover,751,2008,2002,,2014/08/24,,,read,,,,,,,0,,,,,
22817560,"Legacy Code (Legacy Code, #1)",Autumn Kalquist,"Kalquist, Autumn",,,,3,3.38,Diapason Publishing,Paperback,218,2014,2014,,2015/03/31,,,read,,,,,,,0,,,,,
7750512,Compensation,George Milkovich,"Milkovich, George","Jerry Newman, Milkovich George",73530492,9780073530499,4,3.42,McGraw-Hill Education,Hardcover,712,2010,1996,,2014/08/24,,,read,,,,,,,0,,,,,
18819296,Hidden,Catherine McKenzie,"McKenzie, Catherine",,,,3,3.42,Lake Union Publishing,Kindle Edition,304,2014,2013,,2014/04/20,,,read,,,,,,,0,,,,,
29589,Eastern Standard Tribe,Cory Doctorow,"Doctorow, Cory",,765310457,9780765310453,0,3.48,Tor Books,Paperback,224,2005,2004,,2013/08/26,,,read,,,,,,,0,,,,,
2742,My Boys Can Swim!: The Official Guy's Guide to Pregnancy,Ian Davis,"Davis, Ian",,761521674,9780761521679,0,3.52,Three Rivers Press,Paperback,112,1999,1999,2012/01/01,2016/01/28,,,read,,,,,,,0,,,,,
388175,"The Guy's Guide to Surviving Pregnancy, Childbirth, and the First Year of Fatherhood",Michael R. Crider,"Crider, Michael R.",,738210277,9780738210278,3,3.57,Da Capo Press,Paperback,208,2005,2005,,2014/08/24,,,read,,,,,,,0,,,,,
19437988,Mint Juleps and Justice (An Adams Grove Novel),Nancy Naigle,"Naigle, Nancy",,,,2,3.58,Montlake Romance,Kindle Edition,335,2014,2014,,2014/06/19,,,read,,,,,,,0,,,,,
1370616,Operations Research: Applications and Algorithms (with CD-ROM and InfoTrac),Wayne L. Winston,"Winston, Wayne L.",,534380581,9780534380588,0,3.63,Cengage Learning,Hardcover,1440,2003,1987,,2015/12/16,,,read,,,,,,,0,,,,,
8437633,"The Crown in the Heather (The Bruce Trilogy, #1)",N. Gemini Sasson,"Sasson, N. Gemini",,982715803,9780982715802,4,3.64,Cader Idris Press,Paperback,298,2010,2010,,2015/03/27,,,read,,,,,,,0,,,,,
112520,"Rama II (Rama, #2)",Arthur C. Clarke,"Clarke, Arthur C.",Gentry Lee,2290032042,9782290032046,0,3.65,J'ai lu,Paperback,480,1996,1989,2015/12/16,2015/10/11,,,read,,,,,,,0,,,,,
13558118,"Collapse (New America, #1)",Richard Stephenson,"Stephenson, Richard",,,9781477654637,2,3.67,Stephenson & Powers Publishing House,Paperback,484,2012,2012,,2014/10/31,,,read,,,,,,,0,,,,,
204567,"The Expectant Father: Facts, Tips and Advice for Dads-to-Be",Armin A. Brott,"Brott, Armin A.",Jennifer Ash,789205386,9780789205384,4,3.68,Abbeville Press,Paperback,271,2001,1995,,2014/08/24,,,read,,,,,,,0,,,,,
20940979,"Evasion (The Chosen, #2)",N.M. Santoski,"Santoski, N.M.",,,,5,3.75,,ebook,215,2013,2013,2014/03/24,2014/03/20,,,read,,,,,,,0,,,,,
7373276,Human Resources Management: A Strategic Approach,William P. Anthony,"Anthony, William P.","K. Michele Kacmar, Pamela L. Perrewe",1424063930,9781424063932,0,3.77,Cengage Learning,Hardcover,730,2009,1998,,2016/01/28,,,read,,,,,,,0,,,,,
12027284,F in Exams: The Funniest Test Paper Blunders,Richard Benson,"Benson, Richard",,,,2,3.8,,Kindle Edition,129,,2008,,2016/01/28,,,read,,,,,,,0,,,,,
13556084,The Three Arks (Comet Clement series #4),Kevin George,"George, Kevin",,,,2,3.84,,Kindle Edition,359,2014,2014,2015/03/04,2015/03/04,,,read,,,,,,,0,,,,,
18867685,"The Atlantis Plague (The Origin Mystery, #2)",A.G. Riddle,"Riddle, A.G.",,,,3,3.87,Amazon Digital Services,Kindle Edition,438,2013,2013,2015/08/28,2015/08/12,,,read,,,,,,,0,,,,,
10552338,Reamde,Neal Stephenson,"Stephenson, Neal",,61977969,9780061977961,5,3.95,William Morrow,Hardcover,1044,2011,2011,2015/01/22,2015/01/11,,,read,,,,,,,0,,,,,
16619,Democracy in America ,Alexis de Tocqueville,"Tocqueville, Alexis de","Isaac Kramnick, Gerald Bevan",140447601,9780140447606,0,3.97,Penguin Classics,Paperback,992,2003,1835,,2012/04/20,,,read,,,,,,,0,,,,,
17692848,"Rendezvous with Rama (Rama, #1)",Arthur C. Clarke,"Clarke, Arthur C.",,,,4,4.03,RosettaBooks,Kindle Edition,256,2012,1973,,2015/09/26,,,read,,,,,,,0,,,,,
61666,Contact,Carl Sagan,"Sagan, Carl",,2266079999,9782266079990,5,4.07,Pocket,Mass Market Paperback,580,1997,1985,2015/03/13,2012/03/31,,,read,I liked the ending of the book much better than the movie.  A great book.,,,,,,0,,,,,
3869,A Brief History of Time,Stephen Hawking,"Hawking, Stephen",,553380168,9780553380163,0,4.09,Bantam Books,Paperback,212,1998,1987,,2012/04/20,,,read,,,,,,,0,,,,,
61630,"Google Hacking for Penetration Testers, Volume 1",Johnny Long,"Long, Johnny","Ed Skoudis, Alrik van Eijkelenborg",1931836361,9781931836364,0,4.1,Syngress,Paperback,448,2005,2004,2014/06/01,2016/01/28,,,read,,,,,,,0,,,,,
23173280,"Emergence (Galactic Empire Wars, #2)",Raymond L. Weil,"Weil, Raymond L.",,,,3,4.11,Raymond L. Weil Publications LLC,Kindle Edition,294,2014,2014,,2015/03/11,,,read,,,,,,,0,,,,,
597544,Be Prepared: A Practical Handbook for New Dads,Gary   Greenberg,"Greenberg, Gary",Jeannie Hayden,743251547,9780743251549,0,4.15,Simon & Schuster,Paperback,240,2004,2003,,2014/10/01,,,read,,,,,,,0,,,,,
1093435,In the Company of Heroes,Michael J. Durant,"Durant, Michael J.","Mark Bowden, Steven Hartov",451210603,9780451210609,0,4.18,NAL,Paperback,400,2004,2003,,2016/01/28,,,read,,,,,,,0,,,,,
816,Cryptonomicon,Neal Stephenson,"Stephenson, Neal",,60512806,9780060512804,5,4.24,Avon,Paperback,1139,2002,1999,2014/06/05,2012/06/17,,,read,"Fantastic book- a bit dated in technology by now, but still an awesome story",,,,,,0,,,,,
8306857,"Divergent (Divergent, #1)",Veronica Roth,"Roth, Veronica",,62024027,9780062024022,1,4.29,Katherine Tegen Books,Hardcover,487,2011,2011,,2012/03/18,,,read,Read it for free... Still paid too much.,,,,,,0,,,,,
9969571,Ready Player One,Ernest Cline,"Cline, Ernest",,030788743X,9780307887436,5,4.31,Random House NY,Hardcover,372,2011,2011,2015/04/02,2012/06/30,,,read,,,,,,,0,,,,,
18710619,"A Song of Ice and Fire, 5-Book Boxed Set: A Game of Thrones, A Clash of Kings, A Storm of Swords, A Feast for Crows, A Dance with Dragons (Song of Ice & Fire 1-5)",George R.R. Martin,"Martin, George R.R.",,,,5,4.62,Bantam,Kindle Edition,4272,2012,2000,,2014/08/24,,,read,,,,,,,0,,,,,
